id,move_id,account_id,partner_id,date,name,debit,credit,balance,currency_id,analytic_distribution,reconciled
943,"[330, 'PBNK1/2026/00035 (GASTO PRUEBA)']","[9834, '6001.19 GASTOS DE EXPORTACION']",False,2026-07-02,Alducin Santiago Rodrigo: GASTO PRUEBA,892.85,0.0,892.85,"[33, 'MXN']",False,False
944,"[330, 'PBNK1/2026/00035 (GASTO PRUEBA)']","[106, '216.10.20 Impuestos retenidos de iva efectivamente pagados']",False,2026-07-02,4% WH,0.0,35.71,-35.71,"[33, 'MXN']",False,False
945,"[330, 'PBNK1/2026/00035 (GASTO PRUEBA)']","[67, '118.01.01 IVA ACREDITABLE NACIONAL']",False,2026-07-02,16%,142.86,0.0,142.86,"[33, 'MXN']",False,False
946,"[330, 'PBNK1/2026/00035 (GASTO PRUEBA)']","[135, '102.01.01 BBVA CTA.7934 MX']",False,2026-07-02,Alducin Santiago Rodrigo: GASTO PRUEBA,0.0,1000.0,-1000.0,"[33, 'MXN']",False,False
928,"[325, 'INV/2026/00040']","[112, '401.01.01 VENTAS TRANSFORMACION']","[46, 'Carlos Solana']",2026-07-02,[1 GTS EXP] Gts. exportación TMM1-FLETE PM,0.0,1.0,-1.0,"[33, 'MXN']",False,False
929,"[325, 'INV/2026/00040']","[89, '209.01.01 IVA POR COBRAR']","[46, 'Carlos Solana']",2026-07-02,16%,0.0,0.16,-0.16,"[33, 'MXN']",False,False
930,"[325, 'INV/2026/00040']","[51, '105.01.01 XDIFICA, SA DE CV']","[46, 'Carlos Solana']",2026-07-02,INV/2026/00040,1.16,0.0,1.16,"[33, 'MXN']",False,False
964,"[323, 'COSTO DE MEXICO1']","[3703, '102.02.05 BANREGIO CTA.1730 USD']",False,2026-07-02,False,17469.3,0.0,17469.3,"[1, 'USD']",False,False
965,"[323, 'COSTO DE MEXICO1']","[3700, '102.02.02 BBVA CTA.7713 USD']",False,2026-07-02,False,0.0,17469.3,-17469.3,"[1, 'USD']",False,False
947,"[331, 'CBMX/2026/07/0004 (Reversión de: CBMX/2026/07/0001)']","[134, '899.01.99 Base Imponible de Impuestos en Base a Flujo de Efectivo']","[60, 'Cristhian Daniel Vasquez Gutierrez']",2026-07-02,FACTU/2026/06/0007 - PBNK1/2026/00033,15410.97,0.0,15410.97,"[33, 'MXN']","{'2': 50.0, '6': 50.0}",False
948,"[331, 'CBMX/2026/07/0004 (Reversión de: CBMX/2026/07/0001)']","[134, '899.01.99 Base Imponible de Impuestos en Base a Flujo de Efectivo']","[60, 'Cristhian Daniel Vasquez Gutierrez']",2026-07-02,FACTU/2026/06/0007 - PBNK1/2026/00033,0.0,15410.97,-15410.97,"[33, 'MXN']","{'2': 50.0, '6': 50.0}",False
949,"[331, 'CBMX/2026/07/0004 (Reversión de: CBMX/2026/07/0001)']","[71, '119.01.01 IVA POR ACREDITAR']","[60, 'Cristhian Daniel Vasquez Gutierrez']",2026-07-02,16%,2465.75,0.0,2465.75,"[33, 'MXN']",False,True
950,"[331, 'CBMX/2026/07/0004 (Reversión de: CBMX/2026/07/0001)']","[67, '118.01.01 IVA ACREDITABLE NACIONAL']","[60, 'Cristhian Daniel Vasquez Gutierrez']",2026-07-02,16%,0.0,2465.75,-2465.75,"[33, 'MXN']",False,False
919,"[319, 'CBMX/2026/07/0003 (Reversión de: CBMX/2026/07/0002)']","[134, '899.01.99 Base Imponible de Impuestos en Base a Flujo de Efectivo']","[982, 'ARCA WORLD WIDE INC.']",2026-07-02,ANT/2026/00002 - PBNK7/2026/00001,0.0,25000.0,-25000.0,"[1, 'USD']",False,False
920,"[319, 'CBMX/2026/07/0003 (Reversión de: CBMX/2026/07/0002)']","[134, '899.01.99 Base Imponible de Impuestos en Base a Flujo de Efectivo']","[982, 'ARCA WORLD WIDE INC.']",2026-07-02,ANT/2026/00002 - PBNK7/2026/00001,25000.0,0.0,25000.0,"[1, 'USD']",False,False
921,"[320, 'CAMBI/2026/07/0002 (Reversión de: CAMBI/2026/07/0001)']","[3801, '105.02.12 ARCA WORLD WIDE INC.']","[982, 'ARCA WORLD WIDE INC.']",2026-07-02,Diferencia en tasa de cambio de moneda,412632.5,0.0,412632.5,"[1, 'USD']",False,True
922,"[320, 'CAMBI/2026/07/0002 (Reversión de: CAMBI/2026/07/0001)']","[131, '701.01.01 Pérdida cambiaria']","[982, 'ARCA WORLD WIDE INC.']",2026-07-02,Diferencia en tasa de cambio de moneda,0.0,412632.5,-412632.5,"[1, 'USD']",False,False
926,"[324, 'ANT/2026/00003']","[4036, '206.02.10 ARCA WORLD WIDE INC.']","[982, 'ARCA WORLD WIDE INC.']",2026-07-02,ANTICIPO DEL BIEN O SERVICIO,0.0,25000.0,-25000.0,"[1, 'USD']",False,False
927,"[324, 'ANT/2026/00003']","[3801, '105.02.12 ARCA WORLD WIDE INC.']","[982, 'ARCA WORLD WIDE INC.']",2026-07-02,ANT/2026/00003,25000.0,0.0,25000.0,"[1, 'USD']",False,False
905,"[308, 'Borrador de asiento']","[4115, '504.01.03 MTTO MAQ. PREVENTIVO']","[5919, 'Don Procoro Filtros Y Refacciones, Sa De Cv']",2026-07-01,False,0.0,0.0,0.0,"[33, 'MXN']",{'2': 100.0},False
956,"[334, 'PBNK1/2026/00037 (GASTO DE MTTO)']","[9772, '5001.21.02 MANTENIMIENTO CORRECTIVO']","[99, 'Brenda Jaqueline Blanco Vasquez']",2026-07-01,Vasquez Gutierrez Cristhian Daniel: GASTO DE MTTO,5063.29,0.0,5063.29,"[1, 'USD']","{'2': 50.0, '6': 50.0}",False
957,"[334, 'PBNK1/2026/00037 (GASTO DE MTTO)']","[104, '216.04.01 RETENCIONES ISR POR HONORARIOS']","[99, 'Brenda Jaqueline Blanco Vasquez']",2026-07-01,1.25% WH,0.0,63.29,-63.29,"[1, 'USD']",False,False
958,"[334, 'PBNK1/2026/00037 (GASTO DE MTTO)']","[135, '102.01.01 BBVA CTA.7934 MX']","[99, 'Brenda Jaqueline Blanco Vasquez']",2026-07-01,Vasquez Gutierrez Cristhian Daniel: GASTO DE MTTO,0.0,5000.0,-5000.0,"[1, 'USD']",False,False
953,"[333, 'PBNK1/2026/00036 (GASTO DE MTTO)']","[9772, '5001.21.02 MANTENIMIENTO CORRECTIVO']","[99, 'Brenda Jaqueline Blanco Vasquez']",2026-07-01,Vasquez Gutierrez Cristhian Daniel: GASTO DE MTTO,18103.01,0.0,18103.01,"[33, 'MXN']","{'2': 50.0, '6': 50.0}",False
954,"[333, 'PBNK1/2026/00036 (GASTO DE MTTO)']","[104, '216.04.01 RETENCIONES ISR POR HONORARIOS']","[99, 'Brenda Jaqueline Blanco Vasquez']",2026-07-01,1.25% WH,0.0,226.29,-226.29,"[33, 'MXN']",False,False
955,"[333, 'PBNK1/2026/00036 (GASTO DE MTTO)']","[135, '102.01.01 BBVA CTA.7934 MX']","[99, 'Brenda Jaqueline Blanco Vasquez']",2026-07-01,Vasquez Gutierrez Cristhian Daniel: GASTO DE MTTO,0.0,17876.72,-17876.72,"[33, 'MXN']",False,False
901,"[305, 'PBNK1/2026/00034 (Gasto de mantenimiento)']","[135, '102.01.01 BBVA CTA.7934 MX']","[60, 'Cristhian Daniel Vasquez Gutierrez']",2026-07-01,Manual Payment: Gasto de mantenimiento,0.0,25000.0,-25000.0,"[33, 'MXN']",False,False
902,"[305, 'PBNK1/2026/00034 (Gasto de mantenimiento)']","[80, '201.01.01 REFACCIONARIA INDUSTRIAL LAMUÑO HNOS. SA DE CV']","[60, 'Cristhian Daniel Vasquez Gutierrez']",2026-07-01,Manual Payment: Gasto de mantenimiento,25000.0,0.0,25000.0,"[33, 'MXN']",False,True
893,"[302, 'PBNK1/2026/00033 (GASTO DE MTTO)']","[135, '102.01.01 BBVA CTA.7934 MX']","[60, 'Cristhian Daniel Vasquez Gutierrez']",2026-07-01,Manual Payment: GASTO DE MTTO,0.0,17876.72,-17876.72,"[33, 'MXN']",False,False
894,"[302, 'PBNK1/2026/00033 (GASTO DE MTTO)']","[80, '201.01.01 REFACCIONARIA INDUSTRIAL LAMUÑO HNOS. SA DE CV']","[60, 'Cristhian Daniel Vasquez Gutierrez']",2026-07-01,Manual Payment: GASTO DE MTTO,17876.72,0.0,17876.72,"[33, 'MXN']",False,False
917,"[317, 'Borrador de factura INV/2026/00039 (S00050)']","[112, '401.01.01 VENTAS TRANSFORMACION']","[982, 'ARCA WORLD WIDE INC.']",2026-07-01,"Laminas VERACRUZ STD (Con acabado) (CC, BRILLADO, MASILLA)",0.0,31690.72,-31690.72,"[1, 'USD']",False,False
918,"[317, 'Borrador de factura INV/2026/00039 (S00050)']","[3801, '105.02.12 ARCA WORLD WIDE INC.']","[982, 'ARCA WORLD WIDE INC.']",2026-07-01,S00050 - INV/2026/00039,31690.72,0.0,31690.72,"[1, 'USD']",False,False
899,"[304, 'FACTU/2026/07/0007 (Gasto de mantenimiento)']","[9772, '5001.21.02 MANTENIMIENTO CORRECTIVO']","[60, 'Cristhian Daniel Vasquez Gutierrez']",2026-07-01,Vasquez Gutierrez Cristhian Daniel: Gasto de mantenimiento,25000.0,0.0,25000.0,"[33, 'MXN']",{'2': 100.0},False
900,"[304, 'FACTU/2026/07/0007 (Gasto de mantenimiento)']","[80, '201.01.01 REFACCIONARIA INDUSTRIAL LAMUÑO HNOS. SA DE CV']","[60, 'Cristhian Daniel Vasquez Gutierrez']",2026-07-01,False,0.0,25000.0,-25000.0,"[33, 'MXN']",False,True
877,"[295, 'FACTU/2026/07/0006 (GASTO DE MTTO)']","[9772, '5001.21.02 MANTENIMIENTO CORRECTIVO']","[60, 'Cristhian Daniel Vasquez Gutierrez']",2026-07-01,Vasquez Gutierrez Cristhian Daniel: GASTO DE MTTO,17656.02,0.0,17656.02,"[33, 'MXN']","{'2': 50.0, '6': 50.0}",False
878,"[295, 'FACTU/2026/07/0006 (GASTO DE MTTO)']","[9772, '5001.21.02 MANTENIMIENTO CORRECTIVO']","[60, 'Cristhian Daniel Vasquez Gutierrez']",2026-07-01,RESICO,220.7,0.0,220.7,"[33, 'MXN']","{'2': 50.0, '6': 50.0}",False
879,"[295, 'FACTU/2026/07/0006 (GASTO DE MTTO)']","[80, '201.01.01 REFACCIONARIA INDUSTRIAL LAMUÑO HNOS. SA DE CV']","[60, 'Cristhian Daniel Vasquez Gutierrez']",2026-07-01,False,0.0,17876.72,-17876.72,"[33, 'MXN']",False,False
874,"[294, 'FACTU/2026/07/0005 (GASTO DE MTTO)']","[9772, '5001.21.02 MANTENIMIENTO CORRECTIVO']","[60, 'Cristhian Daniel Vasquez Gutierrez']",2026-07-01,Vasquez Gutierrez Cristhian Daniel: GASTO DE MTTO,17656.02,0.0,17656.02,"[33, 'MXN']","{'2': 50.0, '6': 50.0}",False
875,"[294, 'FACTU/2026/07/0005 (GASTO DE MTTO)']","[9772, '5001.21.02 MANTENIMIENTO CORRECTIVO']","[60, 'Cristhian Daniel Vasquez Gutierrez']",2026-07-01,RESICO,220.7,0.0,220.7,"[33, 'MXN']","{'2': 50.0, '6': 50.0}",False
876,"[294, 'FACTU/2026/07/0005 (GASTO DE MTTO)']","[80, '201.01.01 REFACCIONARIA INDUSTRIAL LAMUÑO HNOS. SA DE CV']","[60, 'Cristhian Daniel Vasquez Gutierrez']",2026-07-01,False,0.0,17876.72,-17876.72,"[33, 'MXN']",False,False
871,"[293, 'FACTU/2026/07/0004 (GASTO DE MTTO)']","[9772, '5001.21.02 MANTENIMIENTO CORRECTIVO']","[60, 'Cristhian Daniel Vasquez Gutierrez']",2026-07-01,Vasquez Gutierrez Cristhian Daniel: GASTO DE MTTO,17656.02,0.0,17656.02,"[33, 'MXN']","{'2': 50.0, '6': 50.0}",False
872,"[293, 'FACTU/2026/07/0004 (GASTO DE MTTO)']","[9772, '5001.21.02 MANTENIMIENTO CORRECTIVO']","[60, 'Cristhian Daniel Vasquez Gutierrez']",2026-07-01,RESICO,220.7,0.0,220.7,"[33, 'MXN']","{'2': 50.0, '6': 50.0}",False
873,"[293, 'FACTU/2026/07/0004 (GASTO DE MTTO)']","[80, '201.01.01 REFACCIONARIA INDUSTRIAL LAMUÑO HNOS. SA DE CV']","[60, 'Cristhian Daniel Vasquez Gutierrez']",2026-07-01,False,0.0,17876.72,-17876.72,"[33, 'MXN']",False,False
868,"[292, 'FACTU/2026/07/0003 (GASTO DE MTTO)']","[9772, '5001.21.02 MANTENIMIENTO CORRECTIVO']","[60, 'Cristhian Daniel Vasquez Gutierrez']",2026-07-01,Vasquez Gutierrez Cristhian Daniel: GASTO DE MTTO,100.0,0.0,100.0,"[33, 'MXN']","{'2': 50.0, '6': 50.0}",False
869,"[292, 'FACTU/2026/07/0003 (GASTO DE MTTO)']","[71, '119.01.01 IVA POR ACREDITAR']","[60, 'Cristhian Daniel Vasquez Gutierrez']",2026-07-01,16%,16.0,0.0,16.0,"[33, 'MXN']",False,False
870,"[292, 'FACTU/2026/07/0003 (GASTO DE MTTO)']","[80, '201.01.01 REFACCIONARIA INDUSTRIAL LAMUÑO HNOS. SA DE CV']","[60, 'Cristhian Daniel Vasquez Gutierrez']",2026-07-01,False,0.0,116.0,-116.0,"[33, 'MXN']",False,False
865,"[291, 'FACTU/2026/07/0002 (GASTO DE MTTO)']","[9772, '5001.21.02 MANTENIMIENTO CORRECTIVO']","[60, 'Cristhian Daniel Vasquez Gutierrez']",2026-07-01,Vasquez Gutierrez Cristhian Daniel: GASTO DE MTTO,86.21,0.0,86.21,"[33, 'MXN']","{'2': 50.0, '6': 50.0}",False
866,"[291, 'FACTU/2026/07/0002 (GASTO DE MTTO)']","[71, '119.01.01 IVA POR ACREDITAR']","[60, 'Cristhian Daniel Vasquez Gutierrez']",2026-07-01,16%,13.79,0.0,13.79,"[33, 'MXN']",False,False
867,"[291, 'FACTU/2026/07/0002 (GASTO DE MTTO)']","[80, '201.01.01 REFACCIONARIA INDUSTRIAL LAMUÑO HNOS. SA DE CV']","[60, 'Cristhian Daniel Vasquez Gutierrez']",2026-07-01,False,0.0,100.0,-100.0,"[33, 'MXN']",False,False
862,"[290, 'FACTU/2026/07/0001 (GASTO DE MTTO)']","[9772, '5001.21.02 MANTENIMIENTO CORRECTIVO']","[60, 'Cristhian Daniel Vasquez Gutierrez']",2026-07-01,Vasquez Gutierrez Cristhian Daniel: GASTO DE MTTO,84.0,0.0,84.0,"[33, 'MXN']","{'2': 50.0, '6': 50.0}",False
863,"[290, 'FACTU/2026/07/0001 (GASTO DE MTTO)']","[71, '119.01.01 IVA POR ACREDITAR']","[60, 'Cristhian Daniel Vasquez Gutierrez']",2026-07-01,16%,13.44,0.0,13.44,"[33, 'MXN']",False,False
864,"[290, 'FACTU/2026/07/0001 (GASTO DE MTTO)']","[80, '201.01.01 REFACCIONARIA INDUSTRIAL LAMUÑO HNOS. SA DE CV']","[60, 'Cristhian Daniel Vasquez Gutierrez']",2026-07-01,False,0.0,97.44,-97.44,"[33, 'MXN']",False,False
915,"[316, 'CBMX/2026/07/0002 (ANT/2026/00002)']","[134, '899.01.99 Base Imponible de Impuestos en Base a Flujo de Efectivo']","[982, 'ARCA WORLD WIDE INC.']",2026-07-01,ANT/2026/00002 - PBNK7/2026/00001,25000.0,0.0,25000.0,"[1, 'USD']",False,False
916,"[316, 'CBMX/2026/07/0002 (ANT/2026/00002)']","[134, '899.01.99 Base Imponible de Impuestos en Base a Flujo de Efectivo']","[982, 'ARCA WORLD WIDE INC.']",2026-07-01,ANT/2026/00002 - PBNK7/2026/00001,0.0,25000.0,-25000.0,"[1, 'USD']",False,False
895,"[303, 'CBMX/2026/07/0001 (FACTU/2026/06/0007)']","[134, '899.01.99 Base Imponible de Impuestos en Base a Flujo de Efectivo']","[60, 'Cristhian Daniel Vasquez Gutierrez']",2026-07-01,FACTU/2026/06/0007 - PBNK1/2026/00033,0.0,15410.97,-15410.97,"[33, 'MXN']","{'2': 50.0, '6': 50.0}",False
896,"[303, 'CBMX/2026/07/0001 (FACTU/2026/06/0007)']","[134, '899.01.99 Base Imponible de Impuestos en Base a Flujo de Efectivo']","[60, 'Cristhian Daniel Vasquez Gutierrez']",2026-07-01,FACTU/2026/06/0007 - PBNK1/2026/00033,15410.97,0.0,15410.97,"[33, 'MXN']","{'2': 50.0, '6': 50.0}",False
897,"[303, 'CBMX/2026/07/0001 (FACTU/2026/06/0007)']","[71, '119.01.01 IVA POR ACREDITAR']","[60, 'Cristhian Daniel Vasquez Gutierrez']",2026-07-01,16%,0.0,2465.75,-2465.75,"[33, 'MXN']",False,True
898,"[303, 'CBMX/2026/07/0001 (FACTU/2026/06/0007)']","[67, '118.01.01 IVA ACREDITABLE NACIONAL']","[60, 'Cristhian Daniel Vasquez Gutierrez']",2026-07-01,16%,2465.75,0.0,2465.75,"[33, 'MXN']",False,False
913,"[315, 'CAMBI/2026/07/0001']","[3801, '105.02.12 ARCA WORLD WIDE INC.']","[982, 'ARCA WORLD WIDE INC.']",2026-07-01,Diferencia en tasa de cambio de moneda,0.0,412632.5,-412632.5,"[1, 'USD']",False,True
914,"[315, 'CAMBI/2026/07/0001']","[131, '701.01.01 Pérdida cambiaria']","[982, 'ARCA WORLD WIDE INC.']",2026-07-01,Diferencia en tasa de cambio de moneda,412632.5,0.0,412632.5,"[1, 'USD']",False,False
909,"[313, 'ANT/2026/00002']","[4036, '206.02.10 ARCA WORLD WIDE INC.']","[982, 'ARCA WORLD WIDE INC.']",2026-07-01,ANTICIPO DEL BIEN O SERVICIO,0.0,437632.5,-437632.5,"[1, 'USD']",False,False
910,"[313, 'ANT/2026/00002']","[3801, '105.02.12 ARCA WORLD WIDE INC.']","[982, 'ARCA WORLD WIDE INC.']",2026-07-01,ANT/2026/00002,437632.5,0.0,437632.5,"[1, 'USD']",False,False
852,"[285, 'PBNK6/2026/00001 (FACTU/2026/06/0006)']","[3700, '102.02.02 BBVA CTA.7713 USD']","[96, 'Abrasivos Sola Mex, S.A. de C.V.']",2026-06-30,Pago manual: FACTU/2026/06/0006,0.0,5000.0,-5000.0,"[1, 'USD']",False,False
853,"[285, 'PBNK6/2026/00001 (FACTU/2026/06/0006)']","[80, '201.01.01 REFACCIONARIA INDUSTRIAL LAMUÑO HNOS. SA DE CV']","[96, 'Abrasivos Sola Mex, S.A. de C.V.']",2026-06-30,Pago manual: FACTU/2026/06/0006,5000.0,0.0,5000.0,"[1, 'USD']",False,True
845,"[282, 'INV/2026/00038']","[112, '401.01.01 VENTAS TRANSFORMACION']","[1099, 'MARMOLES PUENTE S DE RL DE CV']",2026-06-30,False,0.0,4700000.0,-4700000.0,"[1, 'USD']",{'5': 100.0},False
846,"[282, 'INV/2026/00038']","[89, '209.01.01 IVA POR COBRAR']","[1099, 'MARMOLES PUENTE S DE RL DE CV']",2026-06-30,16%,0.0,752000.0,-752000.0,"[1, 'USD']",False,False
847,"[282, 'INV/2026/00038']","[3731, '105.01.24 MARMOLES PUENTE, SA DE CV']","[1099, 'MARMOLES PUENTE S DE RL DE CV']",2026-06-30,INV/2026/00038,5452000.0,0.0,5452000.0,"[1, 'USD']",False,False
848,"[284, 'FACTU/2026/06/0006']","[4119, '504.01.07 ABRASIVOS Y RESINAS']","[96, 'Abrasivos Sola Mex, S.A. de C.V.']",2026-06-30,ABRASIVOS,175000.0,0.0,175000.0,"[1, 'USD']",False,False
849,"[284, 'FACTU/2026/06/0006']","[80, '201.01.01 REFACCIONARIA INDUSTRIAL LAMUÑO HNOS. SA DE CV']","[96, 'Abrasivos Sola Mex, S.A. de C.V.']",2026-06-30,False,0.0,203000.0,-203000.0,"[1, 'USD']",False,False
851,"[284, 'FACTU/2026/06/0006']","[71, '119.01.01 IVA POR ACREDITAR']","[96, 'Abrasivos Sola Mex, S.A. de C.V.']",2026-06-30,16%,28000.0,0.0,28000.0,"[1, 'USD']",False,False
838,"[280, 'Borrador de factura FACTU/2026/06/0005']","[4182, '602.84.01 EMPAQUES Y EMBALAJES']","[96, 'Abrasivos Sola Mex, S.A. de C.V.']",2026-06-30,False,0.0,0.0,0.0,"[1, 'USD']",False,False
839,"[280, 'Borrador de factura FACTU/2026/06/0005']","[80, '201.01.01 REFACCIONARIA INDUSTRIAL LAMUÑO HNOS. SA DE CV']","[96, 'Abrasivos Sola Mex, S.A. de C.V.']",2026-06-30,False,0.0,0.0,0.0,"[1, 'USD']",False,True
856,"[287, 'CBMX/2026/06/0011 (FACTU/2026/06/0006)']","[134, '899.01.99 Base Imponible de Impuestos en Base a Flujo de Efectivo']","[96, 'Abrasivos Sola Mex, S.A. de C.V.']",2026-06-30,FACTU/2026/06/0006 - PBNK6/2026/00001,0.0,4310.34,-4310.34,"[1, 'USD']",False,False
857,"[287, 'CBMX/2026/06/0011 (FACTU/2026/06/0006)']","[134, '899.01.99 Base Imponible de Impuestos en Base a Flujo de Efectivo']","[96, 'Abrasivos Sola Mex, S.A. de C.V.']",2026-06-30,FACTU/2026/06/0006 - PBNK6/2026/00001,4310.34,0.0,4310.34,"[1, 'USD']",False,False
858,"[287, 'CBMX/2026/06/0011 (FACTU/2026/06/0006)']","[71, '119.01.01 IVA POR ACREDITAR']","[96, 'Abrasivos Sola Mex, S.A. de C.V.']",2026-06-30,16%,0.0,689.66,-689.66,"[1, 'USD']",False,True
859,"[287, 'CBMX/2026/06/0011 (FACTU/2026/06/0006)']","[67, '118.01.01 IVA ACREDITABLE NACIONAL']","[96, 'Abrasivos Sola Mex, S.A. de C.V.']",2026-06-30,16%,689.66,0.0,689.66,"[1, 'USD']",False,False
860,"[288, 'CAMBI/2026/06/0002']","[71, '119.01.01 IVA POR ACREDITAR']","[96, 'Abrasivos Sola Mex, S.A. de C.V.']",2026-06-30,Diferencia en tasa de cambio de moneda,0.0,11379.39,-11379.39,"[1, 'USD']",False,True
861,"[288, 'CAMBI/2026/06/0002']","[131, '701.01.01 Pérdida cambiaria']","[96, 'Abrasivos Sola Mex, S.A. de C.V.']",2026-06-30,Diferencia en tasa de cambio de moneda,11379.39,0.0,11379.39,"[1, 'USD']",False,False
854,"[286, 'CAMBI/2026/06/0001']","[80, '201.01.01 REFACCIONARIA INDUSTRIAL LAMUÑO HNOS. SA DE CV']","[96, 'Abrasivos Sola Mex, S.A. de C.V.']",2026-06-30,Diferencia en tasa de cambio de moneda,82500.0,0.0,82500.0,"[1, 'USD']",False,True
855,"[286, 'CAMBI/2026/06/0001']","[132, '702.01.01 Utilidad cambiaria']","[96, 'Abrasivos Sola Mex, S.A. de C.V.']",2026-06-30,Diferencia en tasa de cambio de moneda,0.0,82500.0,-82500.0,"[1, 'USD']",False,False
842,"[283, 'BILL1/2026/06/0005']","[4119, '504.01.07 ABRASIVOS Y RESINAS']","[96, 'Abrasivos Sola Mex, S.A. de C.V.']",2026-06-30,ABRASIVOS,1250.0,0.0,1250.0,"[1, 'USD']",False,False
843,"[283, 'BILL1/2026/06/0005']","[71, '119.01.01 IVA POR ACREDITAR']","[96, 'Abrasivos Sola Mex, S.A. de C.V.']",2026-06-30,16%,200.0,0.0,200.0,"[1, 'USD']",False,False
844,"[283, 'BILL1/2026/06/0005']","[80, '201.01.01 REFACCIONARIA INDUSTRIAL LAMUÑO HNOS. SA DE CV']","[96, 'Abrasivos Sola Mex, S.A. de C.V.']",2026-06-30,False,0.0,1450.0,-1450.0,"[1, 'USD']",False,False
833,"[272, 'Borrador de factura']","[112, '401.01.01 VENTAS TRANSFORMACION']","[1099, 'MARMOLES PUENTE S DE RL DE CV']",2026-06-26,Block Caramel (LAMINA),0.0,100000.0,-100000.0,"[33, 'MXN']",False,False
834,"[272, 'Borrador de factura']",False,"[1099, 'MARMOLES PUENTE S DE RL DE CV']",2026-06-26,Anticipos,0.0,0.0,0.0,"[33, 'MXN']",False,False
835,"[272, 'Borrador de factura']","[112, '401.01.01 VENTAS TRANSFORMACION']","[1099, 'MARMOLES PUENTE S DE RL DE CV']",2026-06-26,Anticipo (ref: INV/2026/00031 el 02/06/2026),50000.0,0.0,50000.0,"[33, 'MXN']",False,False
836,"[272, 'Borrador de factura']","[89, '209.01.01 IVA POR COBRAR']","[1099, 'MARMOLES PUENTE S DE RL DE CV']",2026-06-26,16%,0.0,8000.0,-8000.0,"[33, 'MXN']",False,False
837,"[272, 'Borrador de factura']","[51, '105.01.01 XDIFICA, SA DE CV']","[1099, 'MARMOLES PUENTE S DE RL DE CV']",2026-06-26,False,58000.0,0.0,58000.0,"[33, 'MXN']",False,False
828,"[271, 'Borrador de factura (S00045)']","[112, '401.01.01 VENTAS TRANSFORMACION']","[1099, 'MARMOLES PUENTE S DE RL DE CV']",2026-06-25,Block Caramel (LAMINA),0.0,1000.0,-1000.0,"[33, 'MXN']",False,False
829,"[271, 'Borrador de factura (S00045)']",False,"[1099, 'MARMOLES PUENTE S DE RL DE CV']",2026-06-25,Anticipos,0.0,0.0,0.0,"[33, 'MXN']",False,False
830,"[271, 'Borrador de factura (S00045)']","[112, '401.01.01 VENTAS TRANSFORMACION']","[1099, 'MARMOLES PUENTE S DE RL DE CV']",2026-06-25,Anticipo (ref: INV/2026/00037 el 25/06/2026),500.0,0.0,500.0,"[33, 'MXN']",False,False
831,"[271, 'Borrador de factura (S00045)']","[89, '209.01.01 IVA POR COBRAR']","[1099, 'MARMOLES PUENTE S DE RL DE CV']",2026-06-25,16%,0.0,80.0,-80.0,"[33, 'MXN']",False,False
832,"[271, 'Borrador de factura (S00045)']","[3731, '105.01.24 MARMOLES PUENTE, SA DE CV']","[1099, 'MARMOLES PUENTE S DE RL DE CV']",2026-06-25,False,580.0,0.0,580.0,"[33, 'MXN']",False,False
822,"[269, 'PBNK1/2026/00032 (INV/2026/00037)']","[135, '102.01.01 BBVA CTA.7934 MX']","[1099, 'MARMOLES PUENTE S DE RL DE CV']",2026-06-25,Manual Payment: INV/2026/00037,580.0,0.0,580.0,"[33, 'MXN']",False,False
823,"[269, 'PBNK1/2026/00032 (INV/2026/00037)']","[3731, '105.01.24 MARMOLES PUENTE, SA DE CV']","[1099, 'MARMOLES PUENTE S DE RL DE CV']",2026-06-25,Manual Payment: INV/2026/00037,0.0,580.0,-580.0,"[33, 'MXN']",False,True
819,"[268, 'INV/2026/00037 (S00045)']","[112, '401.01.01 VENTAS TRANSFORMACION']","[1099, 'MARMOLES PUENTE S DE RL DE CV']",2026-06-25,Anticipo de 50.00%,0.0,500.0,-500.0,"[33, 'MXN']",False,False
820,"[268, 'INV/2026/00037 (S00045)']","[89, '209.01.01 IVA POR COBRAR']","[1099, 'MARMOLES PUENTE S DE RL DE CV']",2026-06-25,16%,0.0,80.0,-80.0,"[33, 'MXN']",False,True
821,"[268, 'INV/2026/00037 (S00045)']","[3731, '105.01.24 MARMOLES PUENTE, SA DE CV']","[1099, 'MARMOLES PUENTE S DE RL DE CV']",2026-06-25,S00045 - INV/2026/00037,580.0,0.0,580.0,"[33, 'MXN']",False,True
824,"[270, 'CBMX/2026/06/0010 (INV/2026/00037)']","[134, '899.01.99 Base Imponible de Impuestos en Base a Flujo de Efectivo']","[1099, 'MARMOLES PUENTE S DE RL DE CV']",2026-06-25,INV/2026/00037 - PBNK1/2026/00032,500.0,0.0,500.0,"[33, 'MXN']",False,False
825,"[270, 'CBMX/2026/06/0010 (INV/2026/00037)']","[134, '899.01.99 Base Imponible de Impuestos en Base a Flujo de Efectivo']","[1099, 'MARMOLES PUENTE S DE RL DE CV']",2026-06-25,INV/2026/00037 - PBNK1/2026/00032,0.0,500.0,-500.0,"[33, 'MXN']",False,False
826,"[270, 'CBMX/2026/06/0010 (INV/2026/00037)']","[89, '209.01.01 IVA POR COBRAR']","[1099, 'MARMOLES PUENTE S DE RL DE CV']",2026-06-25,16%,80.0,0.0,80.0,"[33, 'MXN']",False,True
827,"[270, 'CBMX/2026/06/0010 (INV/2026/00037)']","[87, '208.01.01 IVA COBRADO']","[1099, 'MARMOLES PUENTE S DE RL DE CV']",2026-06-25,16%,0.0,80.0,-80.0,"[33, 'MXN']",False,False
816,"[267, 'PBNK1/2026/00031 ([1 AMB] Ambiental TMM1)']","[4132, '504.01.19 ANALISIS DE AGUA Y AUDITORIA AMBIENTAL']","[1546, 'ALBERTO MUÑIZ (TMM), ALBERTO MUÑIZ']",2026-06-23,Carrasco  Morales Jesus Enrique: [1 AMB] Ambiental TMM1,129310.34,0.0,129310.34,"[33, 'MXN']","{'2': 50.0, '96': 50.0}",False
817,"[267, 'PBNK1/2026/00031 ([1 AMB] Ambiental TMM1)']","[67, '118.01.01 IVA ACREDITABLE NACIONAL']","[1546, 'ALBERTO MUÑIZ (TMM), ALBERTO MUÑIZ']",2026-06-23,16%,20689.66,0.0,20689.66,"[33, 'MXN']",False,False
818,"[267, 'PBNK1/2026/00031 ([1 AMB] Ambiental TMM1)']","[135, '102.01.01 BBVA CTA.7934 MX']","[1546, 'ALBERTO MUÑIZ (TMM), ALBERTO MUÑIZ']",2026-06-23,Carrasco  Morales Jesus Enrique: [1 AMB] Ambiental TMM1,0.0,150000.0,-150000.0,"[33, 'MXN']",False,False
790,"[259, 'Borrador de factura (S00041)']","[112, '401.01.01 VENTAS TRANSFORMACION']","[1099, 'MARMOLES PUENTE S DE RL DE CV']",2026-06-12,Anticipo,0.0,4310.34,-4310.34,"[33, 'MXN']",False,False
791,"[259, 'Borrador de factura (S00041)']","[89, '209.01.01 IVA POR COBRAR']","[1099, 'MARMOLES PUENTE S DE RL DE CV']",2026-06-12,16%,0.0,689.66,-689.66,"[33, 'MXN']",False,False
792,"[259, 'Borrador de factura (S00041)']","[51, '105.01.01 XDIFICA, SA DE CV']","[1099, 'MARMOLES PUENTE S DE RL DE CV']",2026-06-12,False,5000.0,0.0,5000.0,"[33, 'MXN']",False,False
799,"[262, 'PBNK1/2026/00030 (INV/2026/00036)']","[135, '102.01.01 BBVA CTA.7934 MX']","[1099, 'MARMOLES PUENTE S DE RL DE CV']",2026-06-12,Manual Payment: INV/2026/00036,116000.0,0.0,116000.0,"[33, 'MXN']",False,False
800,"[262, 'PBNK1/2026/00030 (INV/2026/00036)']","[51, '105.01.01 XDIFICA, SA DE CV']","[1099, 'MARMOLES PUENTE S DE RL DE CV']",2026-06-12,Manual Payment: INV/2026/00036,0.0,116000.0,-116000.0,"[33, 'MXN']",False,True
784,"[256, 'PBNK1/2026/00029']","[135, '102.01.01 BBVA CTA.7934 MX']","[96, 'Abrasivos Sola Mex, S.A. de C.V.']",2026-06-12,Manual Payment,0.0,240000.0,-240000.0,"[33, 'MXN']",False,False
785,"[256, 'PBNK1/2026/00029']","[80, '201.01.01 REFACCIONARIA INDUSTRIAL LAMUÑO HNOS. SA DE CV']","[96, 'Abrasivos Sola Mex, S.A. de C.V.']",2026-06-12,Manual Payment,240000.0,0.0,240000.0,"[33, 'MXN']",False,False
778,"[254, 'PBNK1/2026/00028 (INV/2026/00035)']","[135, '102.01.01 BBVA CTA.7934 MX']","[1008, 'CENTRAL DE PETREOS, S DE RL']",2026-06-12,Manual Payment: INV/2026/00035,324800.0,0.0,324800.0,"[33, 'MXN']",False,False
779,"[254, 'PBNK1/2026/00028 (INV/2026/00035)']","[3750, '105.01.43 CENTRAL DE PETREOS']","[1008, 'CENTRAL DE PETREOS, S DE RL']",2026-06-12,Manual Payment: INV/2026/00035,0.0,324800.0,-324800.0,"[33, 'MXN']",False,True
764,"[250, 'PBNK1/2026/00027 (INV/2026/00033)']","[135, '102.01.01 BBVA CTA.7934 MX']","[1008, 'CENTRAL DE PETREOS, S DE RL']",2026-06-12,Manual Payment: INV/2026/00033,174000.0,0.0,174000.0,"[33, 'MXN']",False,False
765,"[250, 'PBNK1/2026/00027 (INV/2026/00033)']","[3750, '105.01.43 CENTRAL DE PETREOS']","[1008, 'CENTRAL DE PETREOS, S DE RL']",2026-06-12,Manual Payment: INV/2026/00033,0.0,174000.0,-174000.0,"[33, 'MXN']",False,True
795,"[261, 'Borrador de factura INV/2026/00036']","[84, '206.01.01 MARMOLES ARCA, SAPI DE CV']","[1099, 'MARMOLES PUENTE S DE RL DE CV']",2026-06-12,[ANT-01] Anticipo,0.0,100000.0,-100000.0,"[33, 'MXN']",False,False
796,"[261, 'Borrador de factura INV/2026/00036']","[51, '105.01.01 XDIFICA, SA DE CV']","[1099, 'MARMOLES PUENTE S DE RL DE CV']",2026-06-12,INV/2026/00036,116000.0,0.0,116000.0,"[33, 'MXN']",False,True
798,"[261, 'Borrador de factura INV/2026/00036']","[89, '209.01.01 IVA POR COBRAR']","[1099, 'MARMOLES PUENTE S DE RL DE CV']",2026-06-12,16%,0.0,16000.0,-16000.0,"[33, 'MXN']",False,True
775,"[253, 'INV/2026/00035 (S00040)']","[9481, '2003.01.104 CENTRAL DE PETREOS SA DE CV']","[1008, 'CENTRAL DE PETREOS, S DE RL']",2026-06-12,Anticipo de 50.00%,0.0,280000.0,-280000.0,"[33, 'MXN']",False,False
776,"[253, 'INV/2026/00035 (S00040)']","[89, '209.01.01 IVA POR COBRAR']","[1008, 'CENTRAL DE PETREOS, S DE RL']",2026-06-12,16%,0.0,44800.0,-44800.0,"[33, 'MXN']",False,True
777,"[253, 'INV/2026/00035 (S00040)']","[3750, '105.01.43 CENTRAL DE PETREOS']","[1008, 'CENTRAL DE PETREOS, S DE RL']",2026-06-12,S00040 - INV/2026/00035,324800.0,0.0,324800.0,"[33, 'MXN']",False,True
770,"[252, 'INV/2026/00034 (S00039)']","[112, '401.01.01 VENTAS TRANSFORMACION']","[1008, 'CENTRAL DE PETREOS, S DE RL']",2026-06-12,"Laminas VERACRUZ STD (Con acabado) (CC, BRILLADO, MASILLA)",0.0,300000.0,-300000.0,"[33, 'MXN']",False,False
771,"[252, 'INV/2026/00034 (S00039)']",False,"[1008, 'CENTRAL DE PETREOS, S DE RL']",2026-06-12,Anticipos,0.0,0.0,0.0,"[33, 'MXN']",False,False
772,"[252, 'INV/2026/00034 (S00039)']","[112, '401.01.01 VENTAS TRANSFORMACION']","[1008, 'CENTRAL DE PETREOS, S DE RL']",2026-06-12,Anticipo (ref: INV/2026/00033 el 12/06/2026),100000.0,0.0,100000.0,"[33, 'MXN']",False,False
773,"[252, 'INV/2026/00034 (S00039)']","[89, '209.01.01 IVA POR COBRAR']","[1008, 'CENTRAL DE PETREOS, S DE RL']",2026-06-12,16%,0.0,32000.0,-32000.0,"[33, 'MXN']",False,False
774,"[252, 'INV/2026/00034 (S00039)']","[3750, '105.01.43 CENTRAL DE PETREOS']","[1008, 'CENTRAL DE PETREOS, S DE RL']",2026-06-12,S00039 - INV/2026/00034,232000.0,0.0,232000.0,"[33, 'MXN']",False,False
761,"[249, 'INV/2026/00033 (S00039)']","[112, '401.01.01 VENTAS TRANSFORMACION']","[1008, 'CENTRAL DE PETREOS, S DE RL']",2026-06-12,Anticipo de 50.00%,0.0,150000.0,-150000.0,"[33, 'MXN']",False,False
762,"[249, 'INV/2026/00033 (S00039)']","[89, '209.01.01 IVA POR COBRAR']","[1008, 'CENTRAL DE PETREOS, S DE RL']",2026-06-12,16%,0.0,24000.0,-24000.0,"[33, 'MXN']",False,True
763,"[249, 'INV/2026/00033 (S00039)']","[3750, '105.01.43 CENTRAL DE PETREOS']","[1008, 'CENTRAL DE PETREOS, S DE RL']",2026-06-12,S00039 - INV/2026/00033,174000.0,0.0,174000.0,"[33, 'MXN']",False,True
801,"[263, 'CBMX/2026/06/0009 (INV/2026/00036)']","[134, '899.01.99 Base Imponible de Impuestos en Base a Flujo de Efectivo']","[1099, 'MARMOLES PUENTE S DE RL DE CV']",2026-06-12,INV/2026/00036 - PBNK1/2026/00030,100000.0,0.0,100000.0,"[33, 'MXN']",False,False
802,"[263, 'CBMX/2026/06/0009 (INV/2026/00036)']","[134, '899.01.99 Base Imponible de Impuestos en Base a Flujo de Efectivo']","[1099, 'MARMOLES PUENTE S DE RL DE CV']",2026-06-12,INV/2026/00036 - PBNK1/2026/00030,0.0,100000.0,-100000.0,"[33, 'MXN']",False,False
803,"[263, 'CBMX/2026/06/0009 (INV/2026/00036)']","[89, '209.01.01 IVA POR COBRAR']","[1099, 'MARMOLES PUENTE S DE RL DE CV']",2026-06-12,16%,16000.0,0.0,16000.0,"[33, 'MXN']",False,True
804,"[263, 'CBMX/2026/06/0009 (INV/2026/00036)']","[87, '208.01.01 IVA COBRADO']","[1099, 'MARMOLES PUENTE S DE RL DE CV']",2026-06-12,16%,0.0,16000.0,-16000.0,"[33, 'MXN']",False,False
780,"[255, 'CBMX/2026/06/0008 (INV/2026/00035)']","[134, '899.01.99 Base Imponible de Impuestos en Base a Flujo de Efectivo']","[1008, 'CENTRAL DE PETREOS, S DE RL']",2026-06-12,INV/2026/00035 - PBNK1/2026/00028,280000.0,0.0,280000.0,"[33, 'MXN']",False,False
781,"[255, 'CBMX/2026/06/0008 (INV/2026/00035)']","[134, '899.01.99 Base Imponible de Impuestos en Base a Flujo de Efectivo']","[1008, 'CENTRAL DE PETREOS, S DE RL']",2026-06-12,INV/2026/00035 - PBNK1/2026/00028,0.0,280000.0,-280000.0,"[33, 'MXN']",False,False
782,"[255, 'CBMX/2026/06/0008 (INV/2026/00035)']","[89, '209.01.01 IVA POR COBRAR']","[1008, 'CENTRAL DE PETREOS, S DE RL']",2026-06-12,16%,44800.0,0.0,44800.0,"[33, 'MXN']",False,True
783,"[255, 'CBMX/2026/06/0008 (INV/2026/00035)']","[87, '208.01.01 IVA COBRADO']","[1008, 'CENTRAL DE PETREOS, S DE RL']",2026-06-12,16%,0.0,44800.0,-44800.0,"[33, 'MXN']",False,False
766,"[251, 'CBMX/2026/06/0007 (INV/2026/00033)']","[134, '899.01.99 Base Imponible de Impuestos en Base a Flujo de Efectivo']","[1008, 'CENTRAL DE PETREOS, S DE RL']",2026-06-12,INV/2026/00033 - PBNK1/2026/00027,150000.0,0.0,150000.0,"[33, 'MXN']",False,False
767,"[251, 'CBMX/2026/06/0007 (INV/2026/00033)']","[134, '899.01.99 Base Imponible de Impuestos en Base a Flujo de Efectivo']","[1008, 'CENTRAL DE PETREOS, S DE RL']",2026-06-12,INV/2026/00033 - PBNK1/2026/00027,0.0,150000.0,-150000.0,"[33, 'MXN']",False,False
768,"[251, 'CBMX/2026/06/0007 (INV/2026/00033)']","[89, '209.01.01 IVA POR COBRAR']","[1008, 'CENTRAL DE PETREOS, S DE RL']",2026-06-12,16%,24000.0,0.0,24000.0,"[33, 'MXN']",False,True
769,"[251, 'CBMX/2026/06/0007 (INV/2026/00033)']","[87, '208.01.01 IVA COBRADO']","[1008, 'CENTRAL DE PETREOS, S DE RL']",2026-06-12,16%,0.0,24000.0,-24000.0,"[33, 'MXN']",False,False
813,"[266, 'BILL1/2026/06/0004 (Capacitacion motacargas)']","[4140, '504.01.27 CAPACITACION AL PERSONAL']","[56, 'Celi Viviana Morales Contreras']",2026-06-12,Morales Contreras Celi Viviana: Capacitacion motacargas,4310.34,0.0,4310.34,"[33, 'MXN']","{'5': 50.0, '6': 50.0}",False
814,"[266, 'BILL1/2026/06/0004 (Capacitacion motacargas)']","[71, '119.01.01 IVA POR ACREDITAR']","[56, 'Celi Viviana Morales Contreras']",2026-06-12,16%,689.66,0.0,689.66,"[33, 'MXN']",False,False
815,"[266, 'BILL1/2026/06/0004 (Capacitacion motacargas)']","[80, '201.01.01 REFACCIONARIA INDUSTRIAL LAMUÑO HNOS. SA DE CV']","[56, 'Celi Viviana Morales Contreras']",2026-06-12,False,0.0,5000.0,-5000.0,"[33, 'MXN']",False,False
809,"[265, 'BILL1/2026/06/0003 (Capacitacion motacargas)']","[4140, '504.01.27 CAPACITACION AL PERSONAL']","[56, 'Celi Viviana Morales Contreras']",2026-06-12,Morales Contreras Celi Viviana: Capacitacion motacargas,4310.34,0.0,4310.34,"[33, 'MXN']",{'5': 100.0},False
810,"[265, 'BILL1/2026/06/0003 (Capacitacion motacargas)']","[71, '119.01.01 IVA POR ACREDITAR']","[56, 'Celi Viviana Morales Contreras']",2026-06-12,16%,689.66,0.0,689.66,"[33, 'MXN']",False,False
811,"[265, 'BILL1/2026/06/0003 (Capacitacion motacargas)']","[80, '201.01.01 REFACCIONARIA INDUSTRIAL LAMUÑO HNOS. SA DE CV']","[56, 'Celi Viviana Morales Contreras']",2026-06-12,False,0.0,5000.0,-5000.0,"[33, 'MXN']",False,False
812,"[265, 'BILL1/2026/06/0003 (Capacitacion motacargas)']","[9789, '5001.38 CAPACITACION AL PERSONAL']","[56, 'Celi Viviana Morales Contreras']",2026-06-12,False,0.0,0.0,0.0,"[33, 'MXN']",{'6': 100.0},False
805,"[264, 'BILL1/2026/06/0002 (1 PAQUETERIA)']","[9838, '6001.23 PAQUETERIA Y MENSAJERIA']","[56, 'Celi Viviana Morales Contreras']",2026-06-12,Morales Contreras Celi Viviana: 1 PAQUETERIA,4664.41,0.0,4664.41,"[33, 'MXN']",{'95': 100.0},False
806,"[264, 'BILL1/2026/06/0002 (1 PAQUETERIA)']","[71, '119.01.01 IVA POR ACREDITAR']","[56, 'Celi Viviana Morales Contreras']",2026-06-12,16%,746.31,0.0,746.31,"[33, 'MXN']",False,False
807,"[264, 'BILL1/2026/06/0002 (1 PAQUETERIA)']","[80, '201.01.01 REFACCIONARIA INDUSTRIAL LAMUÑO HNOS. SA DE CV']","[56, 'Celi Viviana Morales Contreras']",2026-06-12,False,0.0,5410.72,-5410.72,"[33, 'MXN']",False,False
808,"[264, 'BILL1/2026/06/0002 (1 PAQUETERIA)']","[8819, '1001.01.01 CAJA CHICA (MXN)']","[56, 'Celi Viviana Morales Contreras']",2026-06-12,False,0.0,0.0,0.0,"[33, 'MXN']",False,True
793,"[260, 'BILL1/2026/06/0001 (1 PAQUETERIA)']","[9838, '6001.23 PAQUETERIA Y MENSAJERIA']","[56, 'Celi Viviana Morales Contreras']",2026-06-12,Morales Contreras Celi Viviana: 1 PAQUETERIA,5410.72,0.0,5410.72,"[33, 'MXN']",{'95': 100.0},False
794,"[260, 'BILL1/2026/06/0001 (1 PAQUETERIA)']","[80, '201.01.01 REFACCIONARIA INDUSTRIAL LAMUÑO HNOS. SA DE CV']","[56, 'Celi Viviana Morales Contreras']",2026-06-12,1 PAQUETERIA,0.0,5410.72,-5410.72,"[33, 'MXN']",False,False
797,"[260, 'BILL1/2026/06/0001 (1 PAQUETERIA)']","[67, '118.01.01 IVA ACREDITABLE NACIONAL']","[56, 'Celi Viviana Morales Contreras']",2026-06-12,False,0.0,0.0,0.0,"[33, 'MXN']",False,False
715,"[234, 'FACTU/2026/06/0002 ([1 AMB] Ambiental TMM1)']","[4132, '504.01.19 ANALISIS DE AGUA Y AUDITORIA AMBIENTAL']","[61, 'Jose Erik Conde Gamboa']",2026-06-11,Conde Gamboa Jose Erik: [1 AMB] Ambiental TMM1,431034.48,0.0,431034.48,"[33, 'MXN']",{'5': 100.0},False
716,"[234, 'FACTU/2026/06/0002 ([1 AMB] Ambiental TMM1)']","[71, '119.01.01 IVA POR ACREDITAR']","[61, 'Jose Erik Conde Gamboa']",2026-06-11,16%,68965.52,0.0,68965.52,"[33, 'MXN']",False,False
717,"[234, 'FACTU/2026/06/0002 ([1 AMB] Ambiental TMM1)']","[80, '201.01.01 REFACCIONARIA INDUSTRIAL LAMUÑO HNOS. SA DE CV']","[61, 'Jose Erik Conde Gamboa']",2026-06-11,False,0.0,500000.0,-500000.0,"[33, 'MXN']",False,False
787,"[258, 'Borrador de asiento COSTO DE MEXICO (ACTIVIDADES DE INTEGRACION - COMIDA)']","[4229, '603.82.03 ACTIVIDADES DE INTEGRACION,CULTURALES Y DEPORTIVAS']",False,2026-06-11,False,3078.77,0.0,3078.77,"[33, 'MXN']",{'6': 100.0},False
788,"[258, 'Borrador de asiento COSTO DE MEXICO (ACTIVIDADES DE INTEGRACION - COMIDA)']","[67, '118.01.01 IVA ACREDITABLE NACIONAL']",False,2026-06-11,False,492.62,0.0,492.62,"[33, 'MXN']",False,False
789,"[258, 'Borrador de asiento COSTO DE MEXICO (ACTIVIDADES DE INTEGRACION - COMIDA)']","[135, '102.01.01 BBVA CTA.7934 MX']",False,2026-06-11,False,0.0,3571.39,-3571.39,"[33, 'MXN']",False,False
750,"[246, 'Borrador de factura (S00038)']","[9730, '4001.01.01 VENTAS NACIONAL']","[5741, 'Grupo Tenerife, S.A. de C.V.']",2026-06-10,Laminas VERACRUZ STD (Sin acabado) (CC),0.0,60000.0,-60000.0,"[33, 'MXN']",False,False
751,"[246, 'Borrador de factura (S00038)']",False,"[5741, 'Grupo Tenerife, S.A. de C.V.']",2026-06-10,Anticipos,0.0,0.0,0.0,"[33, 'MXN']",False,False
752,"[246, 'Borrador de factura (S00038)']","[9730, '4001.01.01 VENTAS NACIONAL']","[5741, 'Grupo Tenerife, S.A. de C.V.']",2026-06-10,Anticipo (ref: ANT/2026/00001 el 10/06/2026),10000.0,0.0,10000.0,"[33, 'MXN']",False,False
753,"[246, 'Borrador de factura (S00038)']","[89, '209.01.01 IVA POR COBRAR']","[5741, 'Grupo Tenerife, S.A. de C.V.']",2026-06-10,16%,0.0,8000.0,-8000.0,"[33, 'MXN']",False,False
754,"[246, 'Borrador de factura (S00038)']","[51, '105.01.01 XDIFICA, SA DE CV']","[5741, 'Grupo Tenerife, S.A. de C.V.']",2026-06-10,False,58000.0,0.0,58000.0,"[33, 'MXN']",False,False
755,"[247, 'PBNK1/2026/00026 (ANT/2026/00001)']","[135, '102.01.01 BBVA CTA.7934 MX']","[5741, 'Grupo Tenerife, S.A. de C.V.']",2026-06-10,Manual Payment: ANT/2026/00001,34800.0,0.0,34800.0,"[33, 'MXN']",False,False
756,"[247, 'PBNK1/2026/00026 (ANT/2026/00001)']","[52, '105.01.02 GRUPO TENERIFE, SA DE CV']","[5741, 'Grupo Tenerife, S.A. de C.V.']",2026-06-10,Manual Payment: ANT/2026/00001,0.0,34800.0,-34800.0,"[33, 'MXN']",False,True
738,"[242, 'PBNK1/2026/00025 (1 UNIFORMES)']","[135, '102.01.01 BBVA CTA.7934 MX']","[51, 'Luis Alberto Trujillo Velazquez']",2026-06-10,Manual Payment: 1 UNIFORMES,0.0,150000.0,-150000.0,"[33, 'MXN']",False,False
739,"[242, 'PBNK1/2026/00025 (1 UNIFORMES)']","[80, '201.01.01 REFACCIONARIA INDUSTRIAL LAMUÑO HNOS. SA DE CV']","[51, 'Luis Alberto Trujillo Velazquez']",2026-06-10,Manual Payment: 1 UNIFORMES,150000.0,0.0,150000.0,"[33, 'MXN']",False,True
736,"[241, 'Borrador de asiento PBNK1/2026/00024 (1 UNIFORMES)']","[135, '102.01.01 BBVA CTA.7934 MX']","[51, 'Luis Alberto Trujillo Velazquez']",2026-06-10,Manual Payment: 1 UNIFORMES,0.0,150000.0,-150000.0,"[33, 'MXN']",False,False
737,"[241, 'Borrador de asiento PBNK1/2026/00024 (1 UNIFORMES)']","[80, '201.01.01 REFACCIONARIA INDUSTRIAL LAMUÑO HNOS. SA DE CV']","[51, 'Luis Alberto Trujillo Velazquez']",2026-06-10,Manual Payment: 1 UNIFORMES,150000.0,0.0,150000.0,"[33, 'MXN']",False,False
722,"[237, 'FACTU/2026/06/0004 (1 UNIFORMES)']","[9805, '5001.54 INSUMOS']","[51, 'Luis Alberto Trujillo Velazquez']",2026-06-10,Trujillo Velazquez Luis Alberto: 1 UNIFORMES,127931.77,0.0,127931.77,"[33, 'MXN']",{'5': 100.0},False
723,"[237, 'FACTU/2026/06/0004 (1 UNIFORMES)']","[9805, '5001.54 INSUMOS']","[51, 'Luis Alberto Trujillo Velazquez']",2026-06-10,RESICO,1599.15,0.0,1599.15,"[33, 'MXN']",{'5': 100.0},False
724,"[237, 'FACTU/2026/06/0004 (1 UNIFORMES)']","[71, '119.01.01 IVA POR ACREDITAR']","[51, 'Luis Alberto Trujillo Velazquez']",2026-06-10,16%,20469.08,0.0,20469.08,"[33, 'MXN']",False,True
725,"[237, 'FACTU/2026/06/0004 (1 UNIFORMES)']","[80, '201.01.01 REFACCIONARIA INDUSTRIAL LAMUÑO HNOS. SA DE CV']","[51, 'Luis Alberto Trujillo Velazquez']",2026-06-10,False,0.0,150000.0,-150000.0,"[33, 'MXN']",False,True
718,"[235, 'FACTU/2026/06/0003 (Papeleria)']","[9805, '5001.54 INSUMOS']","[40, 'Tito Toledo Vazquez']",2026-06-10,Toledo Vazquez Tito: Papeleria,1952.19,0.0,1952.19,"[33, 'MXN']","{'6': 90.0, '97': 10.0}",False
719,"[235, 'FACTU/2026/06/0003 (Papeleria)']","[80, '201.01.01 REFACCIONARIA INDUSTRIAL LAMUÑO HNOS. SA DE CV']","[40, 'Tito Toledo Vazquez']",2026-06-10,False,0.0,1952.19,-1952.19,"[33, 'MXN']",False,True
757,"[248, 'CBMX/2026/06/0006 (ANT/2026/00001)']","[134, '899.01.99 Base Imponible de Impuestos en Base a Flujo de Efectivo']","[5741, 'Grupo Tenerife, S.A. de C.V.']",2026-06-10,ANT/2026/00001 - PBNK1/2026/00026,30000.0,0.0,30000.0,"[33, 'MXN']",False,False
758,"[248, 'CBMX/2026/06/0006 (ANT/2026/00001)']","[134, '899.01.99 Base Imponible de Impuestos en Base a Flujo de Efectivo']","[5741, 'Grupo Tenerife, S.A. de C.V.']",2026-06-10,ANT/2026/00001 - PBNK1/2026/00026,0.0,30000.0,-30000.0,"[33, 'MXN']",False,False
759,"[248, 'CBMX/2026/06/0006 (ANT/2026/00001)']","[89, '209.01.01 IVA POR COBRAR']","[5741, 'Grupo Tenerife, S.A. de C.V.']",2026-06-10,16%,4800.0,0.0,4800.0,"[33, 'MXN']",False,True
760,"[248, 'CBMX/2026/06/0006 (ANT/2026/00001)']","[87, '208.01.01 IVA COBRADO']","[5741, 'Grupo Tenerife, S.A. de C.V.']",2026-06-10,16%,0.0,4800.0,-4800.0,"[33, 'MXN']",False,False
740,"[243, 'CBMX/2026/06/0005 (FACTU/2026/06/0004)']","[134, '899.01.99 Base Imponible de Impuestos en Base a Flujo de Efectivo']","[51, 'Luis Alberto Trujillo Velazquez']",2026-06-10,FACTU/2026/06/0004 - PBNK1/2026/00025,0.0,127931.77,-127931.77,"[33, 'MXN']",{'5': 100.0},False
741,"[243, 'CBMX/2026/06/0005 (FACTU/2026/06/0004)']","[134, '899.01.99 Base Imponible de Impuestos en Base a Flujo de Efectivo']","[51, 'Luis Alberto Trujillo Velazquez']",2026-06-10,FACTU/2026/06/0004 - PBNK1/2026/00025,127931.77,0.0,127931.77,"[33, 'MXN']",{'5': 100.0},False
742,"[243, 'CBMX/2026/06/0005 (FACTU/2026/06/0004)']","[71, '119.01.01 IVA POR ACREDITAR']","[51, 'Luis Alberto Trujillo Velazquez']",2026-06-10,16%,0.0,20469.08,-20469.08,"[33, 'MXN']",False,True
743,"[243, 'CBMX/2026/06/0005 (FACTU/2026/06/0004)']","[67, '118.01.01 IVA ACREDITABLE NACIONAL']","[51, 'Luis Alberto Trujillo Velazquez']",2026-06-10,16%,20469.08,0.0,20469.08,"[33, 'MXN']",False,False
732,"[240, 'CBMX/2026/06/0004 (Reversión de: CBMX/2026/06/0003)']","[134, '899.01.99 Base Imponible de Impuestos en Base a Flujo de Efectivo']","[51, 'Luis Alberto Trujillo Velazquez']",2026-06-10,FACTU/2026/06/0004 - PBNK1/2026/00024,42643.92,0.0,42643.92,"[33, 'MXN']",{'5': 100.0},False
733,"[240, 'CBMX/2026/06/0004 (Reversión de: CBMX/2026/06/0003)']","[134, '899.01.99 Base Imponible de Impuestos en Base a Flujo de Efectivo']","[51, 'Luis Alberto Trujillo Velazquez']",2026-06-10,FACTU/2026/06/0004 - PBNK1/2026/00024,0.0,42643.92,-42643.92,"[33, 'MXN']",{'5': 100.0},False
734,"[240, 'CBMX/2026/06/0004 (Reversión de: CBMX/2026/06/0003)']","[71, '119.01.01 IVA POR ACREDITAR']","[51, 'Luis Alberto Trujillo Velazquez']",2026-06-10,16%,6823.03,0.0,6823.03,"[33, 'MXN']",False,True
735,"[240, 'CBMX/2026/06/0004 (Reversión de: CBMX/2026/06/0003)']","[67, '118.01.01 IVA ACREDITABLE NACIONAL']","[51, 'Luis Alberto Trujillo Velazquez']",2026-06-10,16%,0.0,6823.03,-6823.03,"[33, 'MXN']",False,False
728,"[239, 'CBMX/2026/06/0003 (FACTU/2026/06/0004)']","[134, '899.01.99 Base Imponible de Impuestos en Base a Flujo de Efectivo']","[51, 'Luis Alberto Trujillo Velazquez']",2026-06-10,FACTU/2026/06/0004 - PBNK1/2026/00024,0.0,42643.92,-42643.92,"[33, 'MXN']",{'5': 100.0},False
729,"[239, 'CBMX/2026/06/0003 (FACTU/2026/06/0004)']","[134, '899.01.99 Base Imponible de Impuestos en Base a Flujo de Efectivo']","[51, 'Luis Alberto Trujillo Velazquez']",2026-06-10,FACTU/2026/06/0004 - PBNK1/2026/00024,42643.92,0.0,42643.92,"[33, 'MXN']",{'5': 100.0},False
730,"[239, 'CBMX/2026/06/0003 (FACTU/2026/06/0004)']","[71, '119.01.01 IVA POR ACREDITAR']","[51, 'Luis Alberto Trujillo Velazquez']",2026-06-10,16%,0.0,6823.03,-6823.03,"[33, 'MXN']",False,True
731,"[239, 'CBMX/2026/06/0003 (FACTU/2026/06/0004)']","[67, '118.01.01 IVA ACREDITABLE NACIONAL']","[51, 'Luis Alberto Trujillo Velazquez']",2026-06-10,16%,6823.03,0.0,6823.03,"[33, 'MXN']",False,False
747,"[245, 'ANT/2026/00001 (S00038)']","[9730, '4001.01.01 VENTAS NACIONAL']","[5741, 'Grupo Tenerife, S.A. de C.V.']",2026-06-10,Anticipo de 50.00%,0.0,30000.0,-30000.0,"[33, 'MXN']",False,False
748,"[245, 'ANT/2026/00001 (S00038)']","[89, '209.01.01 IVA POR COBRAR']","[5741, 'Grupo Tenerife, S.A. de C.V.']",2026-06-10,16%,0.0,4800.0,-4800.0,"[33, 'MXN']",False,True
749,"[245, 'ANT/2026/00001 (S00038)']","[52, '105.01.02 GRUPO TENERIFE, SA DE CV']","[5741, 'Grupo Tenerife, S.A. de C.V.']",2026-06-10,S00038 - ANT/2026/00001,34800.0,0.0,34800.0,"[33, 'MXN']",False,True
720,"[236, 'PBNK1/2026/00023 (Papeleria)']","[135, '102.01.01 BBVA CTA.7934 MX']","[40, 'Tito Toledo Vazquez']",2026-06-09,Manual Payment: Papeleria,0.0,1952.19,-1952.19,"[33, 'MXN']",False,False
721,"[236, 'PBNK1/2026/00023 (Papeleria)']","[80, '201.01.01 REFACCIONARIA INDUSTRIAL LAMUÑO HNOS. SA DE CV']","[40, 'Tito Toledo Vazquez']",2026-06-09,Manual Payment: Papeleria,1952.19,0.0,1952.19,"[33, 'MXN']",False,True
713,"[233, 'PBNK1/2026/00022 (Gasto Linea transportista MULTILOG)']","[135, '102.01.01 BBVA CTA.7934 MX']","[45, 'Juan Manuel Morales Torres']",2026-06-05,Manual Payment: Gasto Linea transportista MULTILOG,0.0,47500.0,-47500.0,"[33, 'MXN']",False,False
714,"[233, 'PBNK1/2026/00022 (Gasto Linea transportista MULTILOG)']","[80, '201.01.01 REFACCIONARIA INDUSTRIAL LAMUÑO HNOS. SA DE CV']","[45, 'Juan Manuel Morales Torres']",2026-06-05,Manual Payment: Gasto Linea transportista MULTILOG,47500.0,0.0,47500.0,"[33, 'MXN']",False,True
711,"[232, 'FACTU/2026/06/0001 (Gasto Linea transportista MULTILOG)']","[9834, '6001.19 GASTOS DE EXPORTACION']","[45, 'Juan Manuel Morales Torres']",2026-06-05,Morales Torres Juan Manuel: Gasto Linea transportista MULTILOG,47500.0,0.0,47500.0,"[33, 'MXN']",False,False
712,"[232, 'FACTU/2026/06/0001 (Gasto Linea transportista MULTILOG)']","[80, '201.01.01 REFACCIONARIA INDUSTRIAL LAMUÑO HNOS. SA DE CV']","[45, 'Juan Manuel Morales Torres']",2026-06-05,False,0.0,47500.0,-47500.0,"[33, 'MXN']",False,True
708,"[231, 'PBNK1/2026/00021 (Gasto sin título 05/06/2026)']","[130, '601.84.01 Otros gastos generales']",False,2026-06-04,Carrasco  Morales Jesus Enrique: Gasto sin título 05/06/2026,10172.41,0.0,10172.41,"[33, 'MXN']",False,False
709,"[231, 'PBNK1/2026/00021 (Gasto sin título 05/06/2026)']","[67, '118.01.01 IVA ACREDITABLE NACIONAL']",False,2026-06-04,16%,1627.59,0.0,1627.59,"[33, 'MXN']",False,False
710,"[231, 'PBNK1/2026/00021 (Gasto sin título 05/06/2026)']","[135, '102.01.01 BBVA CTA.7934 MX']",False,2026-06-04,Carrasco  Morales Jesus Enrique: Gasto sin título 05/06/2026,0.0,11800.0,-11800.0,"[33, 'MXN']",False,False
695,"[228, 'Borrador de factura (S00035)']","[112, '401.01.01 VENTAS TRANSFORMACION']","[1099, 'MARMOLES PUENTE S DE RL DE CV']",2026-06-02,Block Caramel (LAMINA) CFDI por remanente de un anticipo,0.0,100000.0,-100000.0,"[33, 'MXN']",False,False
696,"[228, 'Borrador de factura (S00035)']",False,"[1099, 'MARMOLES PUENTE S DE RL DE CV']",2026-06-02,Anticipos,0.0,0.0,0.0,"[33, 'MXN']",False,False
697,"[228, 'Borrador de factura (S00035)']","[112, '401.01.01 VENTAS TRANSFORMACION']","[1099, 'MARMOLES PUENTE S DE RL DE CV']",2026-06-02,Anticipo (ref: INV/2026/00030 el 02/06/2026),40000.0,0.0,40000.0,"[33, 'MXN']",False,False
698,"[228, 'Borrador de factura (S00035)']","[89, '209.01.01 IVA POR COBRAR']","[1099, 'MARMOLES PUENTE S DE RL DE CV']",2026-06-02,16%,0.0,9600.0,-9600.0,"[33, 'MXN']",False,False
699,"[228, 'Borrador de factura (S00035)']","[51, '105.01.01 XDIFICA, SA DE CV']","[1099, 'MARMOLES PUENTE S DE RL DE CV']",2026-06-02,False,69600.0,0.0,69600.0,"[33, 'MXN']",False,False
686,"[225, 'PBNK1/2026/00020 (INV/2026/00029)']","[135, '102.01.01 BBVA CTA.7934 MX']","[1099, 'MARMOLES PUENTE S DE RL DE CV']",2026-06-02,Manual Payment: INV/2026/00029,8120.0,0.0,8120.0,"[33, 'MXN']",False,False
687,"[225, 'PBNK1/2026/00020 (INV/2026/00029)']","[51, '105.01.01 XDIFICA, SA DE CV']","[1099, 'MARMOLES PUENTE S DE RL DE CV']",2026-06-02,Manual Payment: INV/2026/00029,0.0,8120.0,-8120.0,"[33, 'MXN']",False,True
675,"[222, 'PBNK1/2026/00019 (INV/2026/00028)']","[135, '102.01.01 BBVA CTA.7934 MX']","[1099, 'MARMOLES PUENTE S DE RL DE CV']",2026-06-02,Manual Payment: INV/2026/00028,3480.0,0.0,3480.0,"[33, 'MXN']",False,False
676,"[222, 'PBNK1/2026/00019 (INV/2026/00028)']","[51, '105.01.01 XDIFICA, SA DE CV']","[1099, 'MARMOLES PUENTE S DE RL DE CV']",2026-06-02,Manual Payment: INV/2026/00028,0.0,3480.0,-3480.0,"[33, 'MXN']",False,True
669,"[97, 'INV/2026/00058']","[4326, 'Sales and/or services taxed at the general rate']","[46, 'Carlos Solana']",2026-06-02,Block Caramel (LAMINA),0.0,0.76,-0.76,"[1, 'USD']",False,False
670,"[97, 'INV/2026/00058']","[4303, 'VAT carried forward not collected']","[46, 'Carlos Solana']",2026-06-02,16%,0.0,0.12,-0.12,"[1, 'USD']",False,False
671,"[97, 'INV/2026/00058']","[4265, 'Domestic customers']","[46, 'Carlos Solana']",2026-06-02,INV/2026/00058,0.88,0.0,0.88,"[1, 'USD']",False,False
666,"[220, 'INV/2026/00057']","[4326, 'Sales and/or services taxed at the general rate']","[46, 'Carlos Solana']",2026-06-02,"BLOCK CARAMEL (LAMINA, RIEGOS)",0.0,1.0,-1.0,"[33, 'MXN']",False,False
667,"[220, 'INV/2026/00057']","[4303, 'VAT carried forward not collected']","[46, 'Carlos Solana']",2026-06-02,16%,0.0,0.16,-0.16,"[33, 'MXN']",False,False
668,"[220, 'INV/2026/00057']","[4265, 'Domestic customers']","[46, 'Carlos Solana']",2026-06-02,INV/2026/00057,1.16,0.0,1.16,"[33, 'MXN']",False,False
663,"[119, 'INV/2026/00056']","[4326, 'Sales and/or services taxed at the general rate']","[46, 'Carlos Solana']",2026-06-02,Block Caramel (LAMINA),0.0,1.03,-1.03,"[1, 'USD']",False,False
664,"[119, 'INV/2026/00056']","[4303, 'VAT carried forward not collected']","[46, 'Carlos Solana']",2026-06-02,16%,0.0,0.18,-0.18,"[1, 'USD']",False,False
665,"[119, 'INV/2026/00056']","[4265, 'Domestic customers']","[46, 'Carlos Solana']",2026-06-02,INV/2026/00056,1.21,0.0,1.21,"[1, 'USD']",False,False
703,"[230, 'INV/2026/00032 (S00036)']","[112, '401.01.01 VENTAS TRANSFORMACION']","[1099, 'MARMOLES PUENTE S DE RL DE CV']",2026-06-02,Block Caramel (LAMINA) CFDI por remanente de un anticipo,0.0,100000.0,-100000.0,"[33, 'MXN']",False,False
704,"[230, 'INV/2026/00032 (S00036)']",False,"[1099, 'MARMOLES PUENTE S DE RL DE CV']",2026-06-02,Anticipos,0.0,0.0,0.0,"[33, 'MXN']",False,False
705,"[230, 'INV/2026/00032 (S00036)']","[112, '401.01.01 VENTAS TRANSFORMACION']","[1099, 'MARMOLES PUENTE S DE RL DE CV']",2026-06-02,Anticipo (ref: INV/2026/00031 el 02/06/2026),50000.0,0.0,50000.0,"[33, 'MXN']",False,False
706,"[230, 'INV/2026/00032 (S00036)']","[89, '209.01.01 IVA POR COBRAR']","[1099, 'MARMOLES PUENTE S DE RL DE CV']",2026-06-02,16%,0.0,8000.0,-8000.0,"[33, 'MXN']",False,False
707,"[230, 'INV/2026/00032 (S00036)']","[51, '105.01.01 XDIFICA, SA DE CV']","[1099, 'MARMOLES PUENTE S DE RL DE CV']",2026-06-02,S00036 - INV/2026/00032,58000.0,0.0,58000.0,"[33, 'MXN']",False,False
700,"[229, 'INV/2026/00031 (S00036)']","[112, '401.01.01 VENTAS TRANSFORMACION']","[1099, 'MARMOLES PUENTE S DE RL DE CV']",2026-06-02,Anticipo de 50.00%,0.0,50000.0,-50000.0,"[33, 'MXN']",False,False
701,"[229, 'INV/2026/00031 (S00036)']","[89, '209.01.01 IVA POR COBRAR']","[1099, 'MARMOLES PUENTE S DE RL DE CV']",2026-06-02,16%,0.0,8000.0,-8000.0,"[33, 'MXN']",False,False
702,"[229, 'INV/2026/00031 (S00036)']","[51, '105.01.01 XDIFICA, SA DE CV']","[1099, 'MARMOLES PUENTE S DE RL DE CV']",2026-06-02,S00036 - INV/2026/00031,58000.0,0.0,58000.0,"[33, 'MXN']",False,False
692,"[227, 'INV/2026/00030 (S00035)']","[112, '401.01.01 VENTAS TRANSFORMACION']","[1099, 'MARMOLES PUENTE S DE RL DE CV']",2026-06-02,Anticipo de 40.00%,0.0,40000.0,-40000.0,"[33, 'MXN']",False,False
693,"[227, 'INV/2026/00030 (S00035)']","[89, '209.01.01 IVA POR COBRAR']","[1099, 'MARMOLES PUENTE S DE RL DE CV']",2026-06-02,16%,0.0,6400.0,-6400.0,"[33, 'MXN']",False,False
694,"[227, 'INV/2026/00030 (S00035)']","[51, '105.01.01 XDIFICA, SA DE CV']","[1099, 'MARMOLES PUENTE S DE RL DE CV']",2026-06-02,S00035 - INV/2026/00030,46400.0,0.0,46400.0,"[33, 'MXN']",False,False
681,"[224, 'INV/2026/00029 (S00034)']","[112, '401.01.01 VENTAS TRANSFORMACION']","[1099, 'MARMOLES PUENTE S DE RL DE CV']",2026-06-02,Block Caramel (LAMINA) CFDI por remanente de un anticipo,0.0,10000.0,-10000.0,"[33, 'MXN']",False,False
682,"[224, 'INV/2026/00029 (S00034)']",False,"[1099, 'MARMOLES PUENTE S DE RL DE CV']",2026-06-02,Anticipos,0.0,0.0,0.0,"[33, 'MXN']",False,False
683,"[224, 'INV/2026/00029 (S00034)']","[112, '401.01.01 VENTAS TRANSFORMACION']","[1099, 'MARMOLES PUENTE S DE RL DE CV']",2026-06-02,Anticipo (ref: INV/2026/00028 el 02/06/2026),3000.0,0.0,3000.0,"[33, 'MXN']",False,False
684,"[224, 'INV/2026/00029 (S00034)']","[89, '209.01.01 IVA POR COBRAR']","[1099, 'MARMOLES PUENTE S DE RL DE CV']",2026-06-02,16%,0.0,1120.0,-1120.0,"[33, 'MXN']",False,True
685,"[224, 'INV/2026/00029 (S00034)']","[51, '105.01.01 XDIFICA, SA DE CV']","[1099, 'MARMOLES PUENTE S DE RL DE CV']",2026-06-02,S00034 - INV/2026/00029,8120.0,0.0,8120.0,"[33, 'MXN']",False,True
672,"[221, 'INV/2026/00028 (S00034)']","[112, '401.01.01 VENTAS TRANSFORMACION']","[1099, 'MARMOLES PUENTE S DE RL DE CV']",2026-06-02,Anticipo de 30.00%,0.0,3000.0,-3000.0,"[33, 'MXN']",False,False
673,"[221, 'INV/2026/00028 (S00034)']","[89, '209.01.01 IVA POR COBRAR']","[1099, 'MARMOLES PUENTE S DE RL DE CV']",2026-06-02,16%,0.0,480.0,-480.0,"[33, 'MXN']",False,True
674,"[221, 'INV/2026/00028 (S00034)']","[51, '105.01.01 XDIFICA, SA DE CV']","[1099, 'MARMOLES PUENTE S DE RL DE CV']",2026-06-02,S00034 - INV/2026/00028,3480.0,0.0,3480.0,"[33, 'MXN']",False,True
688,"[226, 'CBMX/2026/06/0002 (INV/2026/00029)']","[134, '899.01.99 Base Imponible de Impuestos en Base a Flujo de Efectivo']","[1099, 'MARMOLES PUENTE S DE RL DE CV']",2026-06-02,INV/2026/00029 - PBNK1/2026/00020,7000.0,0.0,7000.0,"[33, 'MXN']",False,False
689,"[226, 'CBMX/2026/06/0002 (INV/2026/00029)']","[134, '899.01.99 Base Imponible de Impuestos en Base a Flujo de Efectivo']","[1099, 'MARMOLES PUENTE S DE RL DE CV']",2026-06-02,INV/2026/00029 - PBNK1/2026/00020,0.0,7000.0,-7000.0,"[33, 'MXN']",False,False
690,"[226, 'CBMX/2026/06/0002 (INV/2026/00029)']","[89, '209.01.01 IVA POR COBRAR']","[1099, 'MARMOLES PUENTE S DE RL DE CV']",2026-06-02,16%,1120.0,0.0,1120.0,"[33, 'MXN']",False,True
691,"[226, 'CBMX/2026/06/0002 (INV/2026/00029)']","[87, '208.01.01 IVA COBRADO']","[1099, 'MARMOLES PUENTE S DE RL DE CV']",2026-06-02,16%,0.0,1120.0,-1120.0,"[33, 'MXN']",False,False
677,"[223, 'CBMX/2026/06/0001 (INV/2026/00028)']","[134, '899.01.99 Base Imponible de Impuestos en Base a Flujo de Efectivo']","[1099, 'MARMOLES PUENTE S DE RL DE CV']",2026-06-02,INV/2026/00028 - PBNK1/2026/00019,3000.0,0.0,3000.0,"[33, 'MXN']",False,False
678,"[223, 'CBMX/2026/06/0001 (INV/2026/00028)']","[134, '899.01.99 Base Imponible de Impuestos en Base a Flujo de Efectivo']","[1099, 'MARMOLES PUENTE S DE RL DE CV']",2026-06-02,INV/2026/00028 - PBNK1/2026/00019,0.0,3000.0,-3000.0,"[33, 'MXN']",False,False
679,"[223, 'CBMX/2026/06/0001 (INV/2026/00028)']","[89, '209.01.01 IVA POR COBRAR']","[1099, 'MARMOLES PUENTE S DE RL DE CV']",2026-06-02,16%,480.0,0.0,480.0,"[33, 'MXN']",False,True
680,"[223, 'CBMX/2026/06/0001 (INV/2026/00028)']","[87, '208.01.01 IVA COBRADO']","[1099, 'MARMOLES PUENTE S DE RL DE CV']",2026-06-02,16%,0.0,480.0,-480.0,"[33, 'MXN']",False,False
903,"[306, 'Borrador de factura (AA 190712)']","[130, '601.84.01 Otros gastos generales']","[102, 'Don Procoro Filtros y refacciones']",2026-05-31,False,0.0,0.0,0.0,"[33, 'MXN']",False,False
904,"[306, 'Borrador de factura (AA 190712)']","[80, '201.01.01 REFACCIONARIA INDUSTRIAL LAMUÑO HNOS. SA DE CV']","[102, 'Don Procoro Filtros y refacciones']",2026-05-31,AA 190712,0.0,0.0,0.0,"[33, 'MXN']",False,True
638,"[212, 'Borrador de asiento PBNK1/2026/00017 (FACTU/2026/05/0003)']","[135, '102.01.01 BBVA CTA.7934 MX']","[120, 'QUIMICA MEXICANA COMERCIAL']",2026-05-31,Manual Payment: FACTU/2026/05/0003,0.0,314.24,-314.24,"[33, 'MXN']",False,False
639,"[212, 'Borrador de asiento PBNK1/2026/00017 (FACTU/2026/05/0003)']","[80, '201.01.01 REFACCIONARIA INDUSTRIAL LAMUÑO HNOS. SA DE CV']","[120, 'QUIMICA MEXICANA COMERCIAL']",2026-05-31,Manual Payment: FACTU/2026/05/0003,314.24,0.0,314.24,"[33, 'MXN']",False,True
586,"[195, 'PBNK1/2026/00012 (PAPELERIA)']","[130, '601.84.01 Otros gastos generales']","[5976, 'MIGUEL ANGEL SIERRA']",2026-05-31,Digheros De La Cruz Andrea: PAPELERIA,500.0,0.0,500.0,"[33, 'MXN']","{'2': 30.0, '5': 70.0}",False
587,"[195, 'PBNK1/2026/00012 (PAPELERIA)']","[135, '102.01.01 BBVA CTA.7934 MX']","[5976, 'MIGUEL ANGEL SIERRA']",2026-05-31,Digheros De La Cruz Andrea: PAPELERIA,0.0,500.0,-500.0,"[33, 'MXN']",False,False
640,"[213, 'CBMX/2026/05/0011 (FACTU/2026/05/0003)']","[134, '899.01.99 Base Imponible de Impuestos en Base a Flujo de Efectivo']","[120, 'QUIMICA MEXICANA COMERCIAL']",2026-05-31,FACTU/2026/05/0003 - PBNK1/2026/00017,0.0,270.9,-270.9,"[33, 'MXN']",False,False
641,"[213, 'CBMX/2026/05/0011 (FACTU/2026/05/0003)']","[134, '899.01.99 Base Imponible de Impuestos en Base a Flujo de Efectivo']","[120, 'QUIMICA MEXICANA COMERCIAL']",2026-05-31,FACTU/2026/05/0003 - PBNK1/2026/00017,270.9,0.0,270.9,"[33, 'MXN']",False,False
642,"[213, 'CBMX/2026/05/0011 (FACTU/2026/05/0003)']","[71, '119.01.01 IVA POR ACREDITAR']","[120, 'QUIMICA MEXICANA COMERCIAL']",2026-05-31,16%,0.0,43.34,-43.34,"[33, 'MXN']",False,True
643,"[213, 'CBMX/2026/05/0011 (FACTU/2026/05/0003)']","[67, '118.01.01 IVA ACREDITABLE NACIONAL']","[120, 'QUIMICA MEXICANA COMERCIAL']",2026-05-31,16%,43.34,0.0,43.34,"[33, 'MXN']",False,False
588,"[196, 'PBNK1/2026/00013 (PAPELERIA)']","[130, '601.84.01 Otros gastos generales']","[5976, 'MIGUEL ANGEL SIERRA']",2026-05-30,Digheros De La Cruz Andrea: PAPELERIA,2500.0,0.0,2500.0,"[33, 'MXN']","{'2': 30.0, '5': 70.0}",False
589,"[196, 'PBNK1/2026/00013 (PAPELERIA)']","[135, '102.01.01 BBVA CTA.7934 MX']","[5976, 'MIGUEL ANGEL SIERRA']",2026-05-30,Digheros De La Cruz Andrea: PAPELERIA,0.0,2500.0,-2500.0,"[33, 'MXN']",False,False
635,"[211, 'FACTU/2026/05/0003']","[4119, '504.01.07 ABRASIVOS Y RESINAS']","[120, 'QUIMICA MEXICANA COMERCIAL']",2026-05-30,ABRASIVO G-120,270.9,0.0,270.9,"[33, 'MXN']",False,False
636,"[211, 'FACTU/2026/05/0003']","[80, '201.01.01 REFACCIONARIA INDUSTRIAL LAMUÑO HNOS. SA DE CV']","[120, 'QUIMICA MEXICANA COMERCIAL']",2026-05-30,False,0.0,314.24,-314.24,"[33, 'MXN']",False,True
637,"[211, 'FACTU/2026/05/0003']","[71, '119.01.01 IVA POR ACREDITAR']","[120, 'QUIMICA MEXICANA COMERCIAL']",2026-05-30,16%,43.34,0.0,43.34,"[33, 'MXN']",False,True
660,"[218, 'Borrador de factura (S00032)']","[112, '401.01.01 VENTAS TRANSFORMACION']","[1095, 'MARMOLES ARCA, SAPI DE CV']",2026-05-29,"Laminas VERACRUZ STD (Con acabado) (CC, BRILLADO, MASILLA)",0.0,71.0,-71.0,"[33, 'MXN']",False,False
661,"[218, 'Borrador de factura (S00032)']","[89, '209.01.01 IVA POR COBRAR']","[1095, 'MARMOLES ARCA, SAPI DE CV']",2026-05-29,16%,0.0,11.36,-11.36,"[33, 'MXN']",False,False
662,"[218, 'Borrador de factura (S00032)']","[3730, '105.01.23 MARMOLES ARCA, SAPI DE CV']","[1095, 'MARMOLES ARCA, SAPI DE CV']",2026-05-29,False,82.36,0.0,82.36,"[33, 'MXN']",False,False
650,"[215, 'PBNK1/2026/00018 (1 GTS VTS - FLTE)']","[4181, '602.72.01 FLETES Y ACARREOS']",False,2026-05-29,Piene Bautista Karen Elvira: 1 GTS VTS - FLTE,10500.0,0.0,10500.0,"[33, 'MXN']",{'5': 100.0},False
651,"[215, 'PBNK1/2026/00018 (1 GTS VTS - FLTE)']","[106, '216.10.20 Impuestos retenidos de iva efectivamente pagados']",False,2026-05-29,4% WH,0.0,420.0,-420.0,"[33, 'MXN']",False,False
652,"[215, 'PBNK1/2026/00018 (1 GTS VTS - FLTE)']","[67, '118.01.01 IVA ACREDITABLE NACIONAL']",False,2026-05-29,16%,1680.0,0.0,1680.0,"[33, 'MXN']",False,False
653,"[215, 'PBNK1/2026/00018 (1 GTS VTS - FLTE)']","[135, '102.01.01 BBVA CTA.7934 MX']",False,2026-05-29,Piene Bautista Karen Elvira: 1 GTS VTS - FLTE,0.0,11760.0,-11760.0,"[33, 'MXN']",False,False
590,"[197, 'PBNK1/2026/00014 (1 CAP PERSONAL - CANACINTRA AYDEE)']","[135, '102.01.01 BBVA CTA.7934 MX']","[5975, 'CAMARA NACIONAL DE LA INDUSTRIA DE TRANSFORMACION']",2026-05-29,Manual Payment: 1 CAP PERSONAL - CANACINTRA AYDEE,0.0,2100.0,-2100.0,"[33, 'MXN']",False,False
591,"[197, 'PBNK1/2026/00014 (1 CAP PERSONAL - CANACINTRA AYDEE)']","[80, '201.01.01 REFACCIONARIA INDUSTRIAL LAMUÑO HNOS. SA DE CV']","[5975, 'CAMARA NACIONAL DE LA INDUSTRIA DE TRANSFORMACION']",2026-05-29,Manual Payment: 1 CAP PERSONAL - CANACINTRA AYDEE,2100.0,0.0,2100.0,"[33, 'MXN']",False,False
654,"[216, 'MISCE/2026/05/0007 (1 GTS VJE - COMIDA MANOLO)']","[9830, '6001.15 GASTOS DE VIAJE']",False,2026-05-29,False,1077.59,0.0,1077.59,"[33, 'MXN']",{'5': 100.0},False
655,"[216, 'MISCE/2026/05/0007 (1 GTS VJE - COMIDA MANOLO)']","[135, '102.01.01 BBVA CTA.7934 MX']",False,2026-05-29,False,0.0,1250.0,-1250.0,"[33, 'MXN']",False,False
656,"[216, 'MISCE/2026/05/0007 (1 GTS VJE - COMIDA MANOLO)']","[67, '118.01.01 IVA ACREDITABLE NACIONAL']",False,2026-05-29,False,172.41,0.0,172.41,"[33, 'MXN']",False,False
657,"[217, 'INV/2026/00027 (S00029)']","[112, '401.01.01 VENTAS TRANSFORMACION']","[1099, 'MARMOLES PUENTE S DE RL DE CV']",2026-05-29,Anticipo,0.0,6896.55,-6896.55,"[33, 'MXN']",False,False
658,"[217, 'INV/2026/00027 (S00029)']","[89, '209.01.01 IVA POR COBRAR']","[1099, 'MARMOLES PUENTE S DE RL DE CV']",2026-05-29,16%,0.0,1103.45,-1103.45,"[33, 'MXN']",False,False
659,"[217, 'INV/2026/00027 (S00029)']","[51, '105.01.01 XDIFICA, SA DE CV']","[1099, 'MARMOLES PUENTE S DE RL DE CV']",2026-05-29,S00029 - INV/2026/00027,8000.0,0.0,8000.0,"[33, 'MXN']",False,False
471,"[160, '']","[4119, '504.01.07 ABRASIVOS Y RESINAS']","[96, 'Abrasivos Sola Mex, S.A. de C.V.']",2026-05-27,ABRASIVO G-120,0.0,0.0,0.0,"[33, 'MXN']",{'5': 100.0},False
472,"[160, '']","[80, '201.01.01 REFACCIONARIA INDUSTRIAL LAMUÑO HNOS. SA DE CV']","[96, 'Abrasivos Sola Mex, S.A. de C.V.']",2026-05-27,False,0.0,0.0,0.0,"[33, 'MXN']",False,True
609,"[202, 'PBNK1/2026/00016 ([1 INSUM] Insumos TMM1)']","[9805, '5001.54 INSUMOS']","[5977, 'LEONARDO REYES']",2026-05-27,Atenco Camargo Eduardo: [1 INSUM] Insumos TMM1,2500.0,0.0,2500.0,"[33, 'MXN']",{'5': 100.0},False
610,"[202, 'PBNK1/2026/00016 ([1 INSUM] Insumos TMM1)']","[135, '102.01.01 BBVA CTA.7934 MX']","[5977, 'LEONARDO REYES']",2026-05-27,Atenco Camargo Eduardo: [1 INSUM] Insumos TMM1,0.0,2500.0,-2500.0,"[33, 'MXN']",False,False
602,"[200, 'PBNK1/2026/00015 (ENERGIA ELECTRICA PLANTA 1)']","[9768, '5001.19 ENERGIA ELECTRICA']",False,2026-05-27,Digheros De La Cruz Andrea: ENERGIA ELECTRICA PLANTA 1,394827.59,0.0,394827.59,"[33, 'MXN']",{'5': 100.0},False
603,"[200, 'PBNK1/2026/00015 (ENERGIA ELECTRICA PLANTA 1)']","[67, '118.01.01 IVA ACREDITABLE NACIONAL']",False,2026-05-27,16%,63172.41,0.0,63172.41,"[33, 'MXN']",False,False
604,"[200, 'PBNK1/2026/00015 (ENERGIA ELECTRICA PLANTA 1)']","[135, '102.01.01 BBVA CTA.7934 MX']",False,2026-05-27,Digheros De La Cruz Andrea: ENERGIA ELECTRICA PLANTA 1,0.0,458000.0,-458000.0,"[33, 'MXN']",False,False
581,"[194, 'PBNK1/2026/00011 (1 CAP PERSONAL - CANACINTRA AYDEE)']","[9867, '6004.16 CAPACITACION AL PERSONAL']","[5975, 'CAMARA NACIONAL DE LA INDUSTRIA DE TRANSFORMACION']",2026-05-27,Morales Morales Lenni Aydee: 1 CAP PERSONAL - CANACINTRA AYDEE,2100.0,0.0,2100.0,"[33, 'MXN']","{'2': 30.0, '5': 70.0}",False
582,"[194, 'PBNK1/2026/00011 (1 CAP PERSONAL - CANACINTRA AYDEE)']","[135, '102.01.01 BBVA CTA.7934 MX']","[5975, 'CAMARA NACIONAL DE LA INDUSTRIA DE TRANSFORMACION']",2026-05-27,Morales Morales Lenni Aydee: 1 CAP PERSONAL - CANACINTRA AYDEE,0.0,2100.0,-2100.0,"[33, 'MXN']",False,False
559,"[187, 'Borrador de asiento PBNK1/2026/00010 (ING-1)']","[135, '102.01.01 BBVA CTA.7934 MX']","[1011, 'COMERCIALIZADORA DE PIEDRAS NATURALES SA DE CV']",2026-05-27,Manual Payment: ING-1,30000.0,0.0,30000.0,"[33, 'MXN']",False,False
560,"[187, 'Borrador de asiento PBNK1/2026/00010 (ING-1)']","[3724, '105.01.17 COMERCIALIZADORA DE PIEDRAS NATURALES, SA DE CV']","[1011, 'COMERCIALIZADORA DE PIEDRAS NATURALES SA DE CV']",2026-05-27,Manual Payment: ING-1,0.0,30000.0,-30000.0,"[33, 'MXN']",False,True
542,"[182, 'Borrador de asiento PBNK1/2026/00009 (INV/2026/00022)']","[135, '102.01.01 BBVA CTA.7934 MX']","[1095, 'MARMOLES ARCA, SAPI DE CV']",2026-05-27,Manual Payment: INV/2026/00022,57000.0,0.0,57000.0,"[33, 'MXN']",False,False
543,"[182, 'Borrador de asiento PBNK1/2026/00009 (INV/2026/00022)']","[3730, '105.01.23 MARMOLES ARCA, SAPI DE CV']","[1095, 'MARMOLES ARCA, SAPI DE CV']",2026-05-27,Manual Payment: INV/2026/00022,0.0,57000.0,-57000.0,"[33, 'MXN']",False,False
523,"[177, 'PBNK1/2026/00008 (INV/2026/00019)']","[135, '102.01.01 BBVA CTA.7934 MX']","[1099, 'MARMOLES PUENTE S DE RL DE CV']",2026-05-27,Manual Payment: INV/2026/00019,50000.0,0.0,50000.0,"[33, 'MXN']",False,False
524,"[177, 'PBNK1/2026/00008 (INV/2026/00019)']","[51, '105.01.01 XDIFICA, SA DE CV']","[1099, 'MARMOLES PUENTE S DE RL DE CV']",2026-05-27,Manual Payment: INV/2026/00019,0.0,50000.0,-50000.0,"[33, 'MXN']",False,True
503,"[171, 'Borrador de asiento PBNK1/2026/00007 (1 GTS VJE - GASOLINA MANUEL 27/05/2026)']","[135, '102.01.01 BBVA CTA.7934 MX']",False,2026-05-27,Manual Payment: 1 GTS VJE - GASOLINA MANUEL 27/05/2026,0.0,1115.42,-1115.42,"[33, 'MXN']",False,False
504,"[171, 'Borrador de asiento PBNK1/2026/00007 (1 GTS VJE - GASOLINA MANUEL 27/05/2026)']","[9299, '2001.01.01 ABRASIVOS SOLA MEX, SA DE CV']",False,2026-05-27,Manual Payment: 1 GTS VJE - GASOLINA MANUEL 27/05/2026,1115.42,0.0,1115.42,"[33, 'MXN']",False,False
493,"[167, 'PBNK1/2026/00006 (3FE4A248358043AFBE586BF18982F76A)']","[135, '102.01.01 BBVA CTA.7934 MX']","[118, 'POLIFORMAS PLASTICAS']",2026-05-27,Manual Payment: 3FE4A248358043AFBE586BF18982F76A,0.0,15885.88,-15885.88,"[33, 'MXN']",False,False
494,"[167, 'PBNK1/2026/00006 (3FE4A248358043AFBE586BF18982F76A)']","[80, '201.01.01 REFACCIONARIA INDUSTRIAL LAMUÑO HNOS. SA DE CV']","[118, 'POLIFORMAS PLASTICAS']",2026-05-27,Manual Payment: 3FE4A248358043AFBE586BF18982F76A,15885.88,0.0,15885.88,"[33, 'MXN']",False,True
476,"[162, 'PBNK1/2026/00005 (FACTU/2026/05/0001)']","[135, '102.01.01 BBVA CTA.7934 MX']","[96, 'Abrasivos Sola Mex, S.A. de C.V.']",2026-05-27,Manual Payment: FACTU/2026/05/0001,0.0,3770.93,-3770.93,"[33, 'MXN']",False,False
477,"[162, 'PBNK1/2026/00005 (FACTU/2026/05/0001)']","[80, '201.01.01 REFACCIONARIA INDUSTRIAL LAMUÑO HNOS. SA DE CV']","[96, 'Abrasivos Sola Mex, S.A. de C.V.']",2026-05-27,Manual Payment: FACTU/2026/05/0001,3770.93,0.0,3770.93,"[33, 'MXN']",False,True
576,"[118, 'INV/2026/00055']","[4326, 'Sales and/or services taxed at the general rate']","[46, 'Carlos Solana']",2026-05-27,Block Classico (PARQUET),0.0,1.09,-1.09,"[1, 'USD']",False,False
577,"[118, 'INV/2026/00055']","[4303, 'VAT carried forward not collected']","[46, 'Carlos Solana']",2026-05-27,16%,0.0,0.17,-0.17,"[1, 'USD']",False,False
578,"[118, 'INV/2026/00055']","[4265, 'Domestic customers']","[46, 'Carlos Solana']",2026-05-27,INV/2026/00055,1.26,0.0,1.26,"[1, 'USD']",False,False
572,"[191, 'INV/2026/00026 (S00028)']","[112, '401.01.01 VENTAS TRANSFORMACION']","[1101, 'MARMOLES TRES HERMANOS']",2026-05-27,Block Terracota (LAMINA),0.0,150000.0,-150000.0,"[33, 'MXN']",False,False
573,"[191, 'INV/2026/00026 (S00028)']",False,"[1101, 'MARMOLES TRES HERMANOS']",2026-05-27,Anticipos,0.0,0.0,0.0,"[33, 'MXN']",False,False
574,"[191, 'INV/2026/00026 (S00028)']","[112, '401.01.01 VENTAS TRANSFORMACION']","[1101, 'MARMOLES TRES HERMANOS']",2026-05-27,Anticipo (ref: INV/2026/00025 el 27/05/2026),120000.0,0.0,120000.0,"[33, 'MXN']",False,False
575,"[191, 'INV/2026/00026 (S00028)']","[8890, '1005.03.10 MARMOLES TRES HERMANOS']","[1101, 'MARMOLES TRES HERMANOS']",2026-05-27,S00028 - INV/2026/00026,30000.0,0.0,30000.0,"[33, 'MXN']",False,False
570,"[190, 'INV/2026/00025 (S00028)']","[112, '401.01.01 VENTAS TRANSFORMACION']","[1101, 'MARMOLES TRES HERMANOS']",2026-05-27,Anticipo,0.0,600000.0,-600000.0,"[33, 'MXN']",False,False
571,"[190, 'INV/2026/00025 (S00028)']","[51, '105.01.01 XDIFICA, SA DE CV']","[1101, 'MARMOLES TRES HERMANOS']",2026-05-27,S00028 - INV/2026/00025,600000.0,0.0,600000.0,"[33, 'MXN']",False,False
565,"[189, 'INV/2026/00024 (S00027)']","[112, '401.01.01 VENTAS TRANSFORMACION']","[1011, 'COMERCIALIZADORA DE PIEDRAS NATURALES SA DE CV']",2026-05-27,"Laminas VERACRUZ STD (Con acabado) (CC, BRILLADO, MASILLA)",0.0,400000.0,-400000.0,"[33, 'MXN']",False,False
566,"[189, 'INV/2026/00024 (S00027)']",False,"[1011, 'COMERCIALIZADORA DE PIEDRAS NATURALES SA DE CV']",2026-05-27,Anticipos,0.0,0.0,0.0,"[33, 'MXN']",False,False
567,"[189, 'INV/2026/00024 (S00027)']","[112, '401.01.01 VENTAS TRANSFORMACION']","[1011, 'COMERCIALIZADORA DE PIEDRAS NATURALES SA DE CV']",2026-05-27,Anticipo (ref: INV/2026/00023 el 27/05/2026),25862.07,0.0,25862.07,"[33, 'MXN']",False,False
568,"[189, 'INV/2026/00024 (S00027)']","[89, '209.01.01 IVA POR COBRAR']","[1011, 'COMERCIALIZADORA DE PIEDRAS NATURALES SA DE CV']",2026-05-27,16%,0.0,59862.07,-59862.07,"[33, 'MXN']",False,False
569,"[189, 'INV/2026/00024 (S00027)']","[3724, '105.01.17 COMERCIALIZADORA DE PIEDRAS NATURALES, SA DE CV']","[1011, 'COMERCIALIZADORA DE PIEDRAS NATURALES SA DE CV']",2026-05-27,S00027 - INV/2026/00024,434000.0,0.0,434000.0,"[33, 'MXN']",False,False
556,"[186, 'INV/2026/00023 (S00027)']","[112, '401.01.01 VENTAS TRANSFORMACION']","[1011, 'COMERCIALIZADORA DE PIEDRAS NATURALES SA DE CV']",2026-05-27,Anticipo,0.0,25862.07,-25862.07,"[33, 'MXN']",False,False
557,"[186, 'INV/2026/00023 (S00027)']","[89, '209.01.01 IVA POR COBRAR']","[1011, 'COMERCIALIZADORA DE PIEDRAS NATURALES SA DE CV']",2026-05-27,16%,0.0,4137.93,-4137.93,"[33, 'MXN']",False,True
558,"[186, 'INV/2026/00023 (S00027)']","[3724, '105.01.17 COMERCIALIZADORA DE PIEDRAS NATURALES, SA DE CV']","[1011, 'COMERCIALIZADORA DE PIEDRAS NATURALES SA DE CV']",2026-05-27,S00027 - INV/2026/00023,30000.0,0.0,30000.0,"[33, 'MXN']",False,True
537,"[181, 'INV/2026/00022 (S00026)']","[112, '401.01.01 VENTAS TRANSFORMACION']","[1095, 'MARMOLES ARCA, SAPI DE CV']",2026-05-27,"Laminas VERACRUZ STD (Con acabado) (CC, BRILLADO, MASILLA)",0.0,75000.0,-75000.0,"[33, 'MXN']",False,False
538,"[181, 'INV/2026/00022 (S00026)']",False,"[1095, 'MARMOLES ARCA, SAPI DE CV']",2026-05-27,Anticipos,0.0,0.0,0.0,"[33, 'MXN']",False,False
539,"[181, 'INV/2026/00022 (S00026)']","[112, '401.01.01 VENTAS TRANSFORMACION']","[1095, 'MARMOLES ARCA, SAPI DE CV']",2026-05-27,Anticipo (ref: INV/2026/00021 el 27/05/2026),25862.07,0.0,25862.07,"[33, 'MXN']",False,False
540,"[181, 'INV/2026/00022 (S00026)']","[89, '209.01.01 IVA POR COBRAR']","[1095, 'MARMOLES ARCA, SAPI DE CV']",2026-05-27,16%,0.0,7862.07,-7862.07,"[33, 'MXN']",False,False
541,"[181, 'INV/2026/00022 (S00026)']","[51, '105.01.01 XDIFICA, SA DE CV']","[1095, 'MARMOLES ARCA, SAPI DE CV']",2026-05-27,S00026 - INV/2026/00022,57000.0,0.0,57000.0,"[33, 'MXN']",False,False
534,"[180, 'INV/2026/00021 (S00026)']","[112, '401.01.01 VENTAS TRANSFORMACION']","[1095, 'MARMOLES ARCA, SAPI DE CV']",2026-05-27,Anticipo,0.0,25862.07,-25862.07,"[33, 'MXN']",False,False
535,"[180, 'INV/2026/00021 (S00026)']","[89, '209.01.01 IVA POR COBRAR']","[1095, 'MARMOLES ARCA, SAPI DE CV']",2026-05-27,16%,0.0,4137.93,-4137.93,"[33, 'MXN']",False,False
536,"[180, 'INV/2026/00021 (S00026)']","[51, '105.01.01 XDIFICA, SA DE CV']","[1095, 'MARMOLES ARCA, SAPI DE CV']",2026-05-27,S00026 - INV/2026/00021,30000.0,0.0,30000.0,"[33, 'MXN']",False,False
529,"[179, 'INV/2026/00020 (S00024)']","[112, '401.01.01 VENTAS TRANSFORMACION']","[1099, 'MARMOLES PUENTE S DE RL DE CV']",2026-05-27,Lamina NTC Bruta,0.0,540000.0,-540000.0,"[33, 'MXN']",False,False
530,"[179, 'INV/2026/00020 (S00024)']",False,"[1099, 'MARMOLES PUENTE S DE RL DE CV']",2026-05-27,Anticipos,0.0,0.0,0.0,"[33, 'MXN']",False,False
531,"[179, 'INV/2026/00020 (S00024)']","[112, '401.01.01 VENTAS TRANSFORMACION']","[1099, 'MARMOLES PUENTE S DE RL DE CV']",2026-05-27,Anticipo (ref: INV/2026/00019 el 27/05/2026),431034.48,0.0,431034.48,"[33, 'MXN']",False,False
532,"[179, 'INV/2026/00020 (S00024)']","[89, '209.01.01 IVA POR COBRAR']","[1099, 'MARMOLES PUENTE S DE RL DE CV']",2026-05-27,16%,0.0,17434.48,-17434.48,"[33, 'MXN']",False,False
533,"[179, 'INV/2026/00020 (S00024)']","[51, '105.01.01 XDIFICA, SA DE CV']","[1099, 'MARMOLES PUENTE S DE RL DE CV']",2026-05-27,S00024 - INV/2026/00020,126400.0,0.0,126400.0,"[33, 'MXN']",False,False
515,"[175, 'INV/2026/00019 (S00024)']","[112, '401.01.01 VENTAS TRANSFORMACION']","[1099, 'MARMOLES PUENTE S DE RL DE CV']",2026-05-27,Anticipo,0.0,43103.45,-43103.45,"[33, 'MXN']",False,False
516,"[175, 'INV/2026/00019 (S00024)']","[89, '209.01.01 IVA POR COBRAR']","[1099, 'MARMOLES PUENTE S DE RL DE CV']",2026-05-27,16%,0.0,6896.55,-6896.55,"[33, 'MXN']",False,True
517,"[175, 'INV/2026/00019 (S00024)']","[51, '105.01.01 XDIFICA, SA DE CV']","[1099, 'MARMOLES PUENTE S DE RL DE CV']",2026-05-27,S00024 - INV/2026/00019,50000.0,0.0,50000.0,"[33, 'MXN']",False,True
511,"[174, 'INV/2026/00018 (S00024)']","[112, '401.01.01 VENTAS TRANSFORMACION']","[1099, 'MARMOLES PUENTE S DE RL DE CV']",2026-05-27,Lamina NTC Bruta,0.0,90000.0,-90000.0,"[33, 'MXN']",{'6': 100.0},False
513,"[174, 'INV/2026/00018 (S00024)']","[3731, '105.01.24 MARMOLES PUENTE, SA DE CV']","[1099, 'MARMOLES PUENTE S DE RL DE CV']",2026-05-27,S00024 - INV/2026/00018,104400.0,0.0,104400.0,"[33, 'MXN']",{'6': 100.0},False
514,"[174, 'INV/2026/00018 (S00024)']","[89, '209.01.01 IVA POR COBRAR']","[1099, 'MARMOLES PUENTE S DE RL DE CV']",2026-05-27,16%,0.0,14400.0,-14400.0,"[33, 'MXN']",False,False
507,"[173, 'INV/2026/00017 (S00023)']","[112, '401.01.01 VENTAS TRANSFORMACION']","[1095, 'MARMOLES ARCA, SAPI DE CV']",2026-05-27,"Laminas VERACRUZ STD (Con acabado) (CC, BRILLADO, MASILLA)",0.0,350000.0,-350000.0,"[33, 'MXN']",{'5': 100.0},False
509,"[173, 'INV/2026/00017 (S00023)']","[3730, '105.01.23 MARMOLES ARCA, SAPI DE CV']","[1095, 'MARMOLES ARCA, SAPI DE CV']",2026-05-27,S00023 - INV/2026/00017,406000.0,0.0,406000.0,"[33, 'MXN']",{'5': 100.0},False
510,"[173, 'INV/2026/00017 (S00023)']","[89, '209.01.01 IVA POR COBRAR']","[1095, 'MARMOLES ARCA, SAPI DE CV']",2026-05-27,16%,0.0,56000.0,-56000.0,"[33, 'MXN']",False,False
482,"[164, 'FACTU/2026/05/0002 (bb1162e9-2538-40e6-8ccadc5dedb57bde)']","[4120, '504.01.08 MATERIAL P/ACABADOS']","[118, 'POLIFORMAS PLASTICAS']",2026-05-27,MONOMERO,8250.0,0.0,8250.0,"[33, 'MXN']",{'5': 100.0},False
483,"[164, 'FACTU/2026/05/0002 (bb1162e9-2538-40e6-8ccadc5dedb57bde)']","[4120, '504.01.08 MATERIAL P/ACABADOS']","[118, 'POLIFORMAS PLASTICAS']",2026-05-27,AMARILLO CROMO,2746.5,0.0,2746.5,"[33, 'MXN']",{'5': 100.0},False
484,"[164, 'FACTU/2026/05/0002 (bb1162e9-2538-40e6-8ccadc5dedb57bde)']","[4120, '504.01.08 MATERIAL P/ACABADOS']","[118, 'POLIFORMAS PLASTICAS']",2026-05-27,CAFÉ POLIFORMAS,931.02,0.0,931.02,"[33, 'MXN']",{'5': 100.0},False
485,"[164, 'FACTU/2026/05/0002 (bb1162e9-2538-40e6-8ccadc5dedb57bde)']","[4120, '504.01.08 MATERIAL P/ACABADOS']","[118, 'POLIFORMAS PLASTICAS']",2026-05-27,K-2000,633.6,0.0,633.6,"[33, 'MXN']",{'5': 100.0},False
486,"[164, 'FACTU/2026/05/0002 (bb1162e9-2538-40e6-8ccadc5dedb57bde)']","[4120, '504.01.08 MATERIAL P/ACABADOS']","[118, 'POLIFORMAS PLASTICAS']",2026-05-27,CABOSIL 1/4,1133.6,0.0,1133.6,"[33, 'MXN']",{'5': 100.0},False
487,"[164, 'FACTU/2026/05/0002 (bb1162e9-2538-40e6-8ccadc5dedb57bde)']","[71, '119.01.01 IVA POR ACREDITAR']","[118, 'POLIFORMAS PLASTICAS']",2026-05-27,16%,2191.16,0.0,2191.16,"[33, 'MXN']",False,True
488,"[164, 'FACTU/2026/05/0002 (bb1162e9-2538-40e6-8ccadc5dedb57bde)']","[80, '201.01.01 REFACCIONARIA INDUSTRIAL LAMUÑO HNOS. SA DE CV']","[118, 'POLIFORMAS PLASTICAS']",2026-05-27,bb1162e9-2538-40e6-8ccadc5dedb57bde - 3FE4A248358043AFBE586BF18982F76A,0.0,15885.88,-15885.88,"[33, 'MXN']",False,True
473,"[161, 'FACTU/2026/05/0001']","[4119, '504.01.07 ABRASIVOS Y RESINAS']","[96, 'Abrasivos Sola Mex, S.A. de C.V.']",2026-05-27,ABRASIVO G-120,3250.8,0.0,3250.8,"[33, 'MXN']",{'5': 100.0},False
474,"[161, 'FACTU/2026/05/0001']","[71, '119.01.01 IVA POR ACREDITAR']","[96, 'Abrasivos Sola Mex, S.A. de C.V.']",2026-05-27,16%,520.13,0.0,520.13,"[33, 'MXN']",False,True
475,"[161, 'FACTU/2026/05/0001']","[80, '201.01.01 REFACCIONARIA INDUSTRIAL LAMUÑO HNOS. SA DE CV']","[96, 'Abrasivos Sola Mex, S.A. de C.V.']",2026-05-27,False,0.0,3770.93,-3770.93,"[33, 'MXN']",False,True
561,"[188, 'CBMX/2026/05/0010 (INV/2026/00023)']","[134, '899.01.99 Base Imponible de Impuestos en Base a Flujo de Efectivo']","[1011, 'COMERCIALIZADORA DE PIEDRAS NATURALES SA DE CV']",2026-05-27,INV/2026/00023 - PBNK1/2026/00010,25862.07,0.0,25862.07,"[33, 'MXN']",False,False
562,"[188, 'CBMX/2026/05/0010 (INV/2026/00023)']","[134, '899.01.99 Base Imponible de Impuestos en Base a Flujo de Efectivo']","[1011, 'COMERCIALIZADORA DE PIEDRAS NATURALES SA DE CV']",2026-05-27,INV/2026/00023 - PBNK1/2026/00010,0.0,25862.07,-25862.07,"[33, 'MXN']",False,False
563,"[188, 'CBMX/2026/05/0010 (INV/2026/00023)']","[89, '209.01.01 IVA POR COBRAR']","[1011, 'COMERCIALIZADORA DE PIEDRAS NATURALES SA DE CV']",2026-05-27,16%,4137.93,0.0,4137.93,"[33, 'MXN']",False,True
564,"[188, 'CBMX/2026/05/0010 (INV/2026/00023)']","[87, '208.01.01 IVA COBRADO']","[1011, 'COMERCIALIZADORA DE PIEDRAS NATURALES SA DE CV']",2026-05-27,16%,0.0,4137.93,-4137.93,"[33, 'MXN']",False,False
548,"[184, 'CBMX/2026/05/0009 (Reversión de: CBMX/2026/05/0008)']","[134, '899.01.99 Base Imponible de Impuestos en Base a Flujo de Efectivo']","[1095, 'MARMOLES ARCA, SAPI DE CV']",2026-05-27,INV/2026/00022 - PBNK1/2026/00009,0.0,49137.93,-49137.93,"[33, 'MXN']",False,False
549,"[184, 'CBMX/2026/05/0009 (Reversión de: CBMX/2026/05/0008)']","[134, '899.01.99 Base Imponible de Impuestos en Base a Flujo de Efectivo']","[1095, 'MARMOLES ARCA, SAPI DE CV']",2026-05-27,INV/2026/00022 - PBNK1/2026/00009,49137.93,0.0,49137.93,"[33, 'MXN']",False,False
550,"[184, 'CBMX/2026/05/0009 (Reversión de: CBMX/2026/05/0008)']","[89, '209.01.01 IVA POR COBRAR']","[1095, 'MARMOLES ARCA, SAPI DE CV']",2026-05-27,16%,0.0,7862.07,-7862.07,"[33, 'MXN']",False,True
551,"[184, 'CBMX/2026/05/0009 (Reversión de: CBMX/2026/05/0008)']","[87, '208.01.01 IVA COBRADO']","[1095, 'MARMOLES ARCA, SAPI DE CV']",2026-05-27,16%,7862.07,0.0,7862.07,"[33, 'MXN']",False,False
544,"[183, 'CBMX/2026/05/0008 (INV/2026/00022)']","[134, '899.01.99 Base Imponible de Impuestos en Base a Flujo de Efectivo']","[1095, 'MARMOLES ARCA, SAPI DE CV']",2026-05-27,INV/2026/00022 - PBNK1/2026/00009,49137.93,0.0,49137.93,"[33, 'MXN']",False,False
545,"[183, 'CBMX/2026/05/0008 (INV/2026/00022)']","[134, '899.01.99 Base Imponible de Impuestos en Base a Flujo de Efectivo']","[1095, 'MARMOLES ARCA, SAPI DE CV']",2026-05-27,INV/2026/00022 - PBNK1/2026/00009,0.0,49137.93,-49137.93,"[33, 'MXN']",False,False
546,"[183, 'CBMX/2026/05/0008 (INV/2026/00022)']","[89, '209.01.01 IVA POR COBRAR']","[1095, 'MARMOLES ARCA, SAPI DE CV']",2026-05-27,16%,7862.07,0.0,7862.07,"[33, 'MXN']",False,True
547,"[183, 'CBMX/2026/05/0008 (INV/2026/00022)']","[87, '208.01.01 IVA COBRADO']","[1095, 'MARMOLES ARCA, SAPI DE CV']",2026-05-27,16%,0.0,7862.07,-7862.07,"[33, 'MXN']",False,False
525,"[178, 'CBMX/2026/05/0007 (INV/2026/00019)']","[134, '899.01.99 Base Imponible de Impuestos en Base a Flujo de Efectivo']","[1099, 'MARMOLES PUENTE S DE RL DE CV']",2026-05-27,INV/2026/00019 - PBNK1/2026/00008,43103.45,0.0,43103.45,"[33, 'MXN']",False,False
526,"[178, 'CBMX/2026/05/0007 (INV/2026/00019)']","[134, '899.01.99 Base Imponible de Impuestos en Base a Flujo de Efectivo']","[1099, 'MARMOLES PUENTE S DE RL DE CV']",2026-05-27,INV/2026/00019 - PBNK1/2026/00008,0.0,43103.45,-43103.45,"[33, 'MXN']",False,False
527,"[178, 'CBMX/2026/05/0007 (INV/2026/00019)']","[89, '209.01.01 IVA POR COBRAR']","[1099, 'MARMOLES PUENTE S DE RL DE CV']",2026-05-27,16%,6896.55,0.0,6896.55,"[33, 'MXN']",False,True
528,"[178, 'CBMX/2026/05/0007 (INV/2026/00019)']","[87, '208.01.01 IVA COBRADO']","[1099, 'MARMOLES PUENTE S DE RL DE CV']",2026-05-27,16%,0.0,6896.55,-6896.55,"[33, 'MXN']",False,False
495,"[168, 'CBMX/2026/05/0006 (FACTU/2026/05/0002)']","[134, '899.01.99 Base Imponible de Impuestos en Base a Flujo de Efectivo']","[118, 'POLIFORMAS PLASTICAS']",2026-05-27,FACTU/2026/05/0002 - PBNK1/2026/00006,0.0,13694.72,-13694.72,"[33, 'MXN']",{'5': 100.0},False
496,"[168, 'CBMX/2026/05/0006 (FACTU/2026/05/0002)']","[134, '899.01.99 Base Imponible de Impuestos en Base a Flujo de Efectivo']","[118, 'POLIFORMAS PLASTICAS']",2026-05-27,FACTU/2026/05/0002 - PBNK1/2026/00006,13694.72,0.0,13694.72,"[33, 'MXN']",{'5': 100.0},False
497,"[168, 'CBMX/2026/05/0006 (FACTU/2026/05/0002)']","[71, '119.01.01 IVA POR ACREDITAR']","[118, 'POLIFORMAS PLASTICAS']",2026-05-27,16%,0.0,2191.16,-2191.16,"[33, 'MXN']",False,True
498,"[168, 'CBMX/2026/05/0006 (FACTU/2026/05/0002)']","[67, '118.01.01 IVA ACREDITABLE NACIONAL']","[118, 'POLIFORMAS PLASTICAS']",2026-05-27,16%,2191.16,0.0,2191.16,"[33, 'MXN']",False,False
478,"[163, 'CBMX/2026/05/0005 (FACTU/2026/05/0001)']","[134, '899.01.99 Base Imponible de Impuestos en Base a Flujo de Efectivo']","[96, 'Abrasivos Sola Mex, S.A. de C.V.']",2026-05-27,FACTU/2026/05/0001 - PBNK1/2026/00005,0.0,3250.8,-3250.8,"[33, 'MXN']",{'5': 100.0},False
479,"[163, 'CBMX/2026/05/0005 (FACTU/2026/05/0001)']","[134, '899.01.99 Base Imponible de Impuestos en Base a Flujo de Efectivo']","[96, 'Abrasivos Sola Mex, S.A. de C.V.']",2026-05-27,FACTU/2026/05/0001 - PBNK1/2026/00005,3250.8,0.0,3250.8,"[33, 'MXN']",{'5': 100.0},False
480,"[163, 'CBMX/2026/05/0005 (FACTU/2026/05/0001)']","[71, '119.01.01 IVA POR ACREDITAR']","[96, 'Abrasivos Sola Mex, S.A. de C.V.']",2026-05-27,16%,0.0,520.13,-520.13,"[33, 'MXN']",False,True
481,"[163, 'CBMX/2026/05/0005 (FACTU/2026/05/0001)']","[67, '118.01.01 IVA ACREDITABLE NACIONAL']","[96, 'Abrasivos Sola Mex, S.A. de C.V.']",2026-05-27,16%,520.13,0.0,520.13,"[33, 'MXN']",False,False
445,"[152, 'INV/2026/00014']","[112, '401.01.01 VENTAS TRANSFORMACION']","[5750, 'Piedras el tiron']",2026-05-26,"Laminas VERACRUZ STD (Con acabado) (CC, BRILLADO, RESINADO)",0.0,22650.0,-22650.0,"[33, 'MXN']",False,False
446,"[152, 'INV/2026/00014']","[89, '209.01.01 IVA POR COBRAR']","[5750, 'Piedras el tiron']",2026-05-26,16%,0.0,3624.0,-3624.0,"[33, 'MXN']",False,False
447,"[152, 'INV/2026/00014']","[13345, '1005.1.100 Piedras el tiron']","[5750, 'Piedras el tiron']",2026-05-26,INV/2026/00014,26274.0,0.0,26274.0,"[33, 'MXN']",False,False
433,"[148, 'INV/2026/00012']","[112, '401.01.01 VENTAS TRANSFORMACION']","[5750, 'Piedras el tiron']",2026-05-25,"Laminas VERACRUZ STD (Con acabado) (CC, BRILLADO, MASILLA)",0.0,2698.0,-2698.0,"[33, 'MXN']",False,False
434,"[148, 'INV/2026/00012']","[89, '209.01.01 IVA POR COBRAR']","[5750, 'Piedras el tiron']",2026-05-25,16%,0.0,431.68,-431.68,"[33, 'MXN']",False,False
435,"[148, 'INV/2026/00012']","[13345, '1005.1.100 Piedras el tiron']","[5750, 'Piedras el tiron']",2026-05-25,INV/2026/00012,3129.68,0.0,3129.68,"[33, 'MXN']",False,False
393,"[136, ' (Reversión de: INV/2026/00009)']","[113, '402.01.01 DESCUENTO S/VENTA']","[5742, 'Mármoles y servicios del Norte']",2026-05-22,"Laminas VERACRUZ STD (Con acabado) (CC, BRILLADO, MASILLA)",90000.0,0.0,90000.0,"[33, 'MXN']",False,False
395,"[136, ' (Reversión de: INV/2026/00009)']","[51, '105.01.01 XDIFICA, SA DE CV']","[5742, 'Mármoles y servicios del Norte']",2026-05-22,False,0.0,104400.0,-104400.0,"[33, 'MXN']",False,False
396,"[136, ' (Reversión de: INV/2026/00009)']","[89, '209.01.01 IVA POR COBRAR']","[5742, 'Mármoles y servicios del Norte']",2026-05-22,16%,14400.0,0.0,14400.0,"[33, 'MXN']",False,False
397,"[137, 'RINV/2026/00001 (Reversión de: INV/2026/00008, Devolucion)']","[113, '402.01.01 DESCUENTO S/VENTA']","[5750, 'Piedras el tiron']",2026-05-22,Laminas VERACRUZ STD,25100.0,0.0,25100.0,"[33, 'MXN']",False,False
399,"[137, 'RINV/2026/00001 (Reversión de: INV/2026/00008, Devolucion)']","[13345, '1005.1.100 Piedras el tiron']","[5750, 'Piedras el tiron']",2026-05-22,False,0.0,29116.0,-29116.0,"[33, 'MXN']",False,False
400,"[137, 'RINV/2026/00001 (Reversión de: INV/2026/00008, Devolucion)']",False,"[5750, 'Piedras el tiron']",2026-05-22,False,0.0,0.0,0.0,"[33, 'MXN']",False,False
401,"[137, 'RINV/2026/00001 (Reversión de: INV/2026/00008, Devolucion)']",False,"[5750, 'Piedras el tiron']",2026-05-22,False,0.0,0.0,0.0,"[33, 'MXN']",False,False
402,"[137, 'RINV/2026/00001 (Reversión de: INV/2026/00008, Devolucion)']","[89, '209.01.01 IVA POR COBRAR']","[5750, 'Piedras el tiron']",2026-05-22,16%,4016.0,0.0,4016.0,"[33, 'MXN']",False,False
465,"[158, 'PBNK1/2026/00004 (INV/2026/00016)']","[135, '102.01.01 BBVA CTA.7934 MX']","[5745, 'MARMOLES PICAPIEDRA']",2026-05-22,Manual Payment: INV/2026/00016,12354.0,0.0,12354.0,"[33, 'MXN']",False,False
466,"[158, 'PBNK1/2026/00004 (INV/2026/00016)']","[13347, '1005.01.60 MARMOLES PICAPIEDRA']","[5745, 'MARMOLES PICAPIEDRA']",2026-05-22,Manual Payment: INV/2026/00016,0.0,12354.0,-12354.0,"[33, 'MXN']",False,True
451,"[154, 'PBNK1/2026/00003']","[135, '102.01.01 BBVA CTA.7934 MX']","[5750, 'Piedras el tiron']",2026-05-22,Manual Payment,15000.0,0.0,15000.0,"[33, 'MXN']",False,False
452,"[154, 'PBNK1/2026/00003']","[13345, '1005.1.100 Piedras el tiron']","[5750, 'Piedras el tiron']",2026-05-22,Manual Payment,0.0,15000.0,-15000.0,"[33, 'MXN']",False,False
384,"[133, 'PBNK1/2026/00002 (INV/2026/00008)']","[135, '102.01.01 BBVA CTA.7934 MX']","[5750, 'Piedras el tiron']",2026-05-22,Manual Payment: INV/2026/00008,29116.0,0.0,29116.0,"[33, 'MXN']",False,False
385,"[133, 'PBNK1/2026/00002 (INV/2026/00008)']","[13345, '1005.1.100 Piedras el tiron']","[5750, 'Piedras el tiron']",2026-05-22,Manual Payment: INV/2026/00008,0.0,29116.0,-29116.0,"[33, 'MXN']",False,True
461,"[157, 'INV/2026/00016']","[112, '401.01.01 VENTAS TRANSFORMACION']","[5745, 'MARMOLES PICAPIEDRA']",2026-05-22,"Lamina NTC Acabado (BRILLADO, MASILLA, Si)",0.0,7100.0,-7100.0,"[33, 'MXN']",False,False
462,"[157, 'INV/2026/00016']","[112, '401.01.01 VENTAS TRANSFORMACION']","[5745, 'MARMOLES PICAPIEDRA']",2026-05-22,"Lamina NTC Acabado (HONED, MASILLA, No)",0.0,3550.0,-3550.0,"[33, 'MXN']",False,False
463,"[157, 'INV/2026/00016']","[89, '209.01.01 IVA POR COBRAR']","[5745, 'MARMOLES PICAPIEDRA']",2026-05-22,16%,0.0,1704.0,-1704.0,"[33, 'MXN']",False,True
464,"[157, 'INV/2026/00016']","[13347, '1005.01.60 MARMOLES PICAPIEDRA']","[5745, 'MARMOLES PICAPIEDRA']",2026-05-22,INV/2026/00016,12354.0,0.0,12354.0,"[33, 'MXN']",False,True
457,"[156, 'INV/2026/00015 (S00021)']","[9730, '4001.01.01 VENTAS NACIONAL']","[5745, 'MARMOLES PICAPIEDRA']",2026-05-22,Laminas VERACRUZ STD,0.0,5000.0,-5000.0,"[33, 'MXN']",False,False
458,"[156, 'INV/2026/00015 (S00021)']","[112, '401.01.01 VENTAS TRANSFORMACION']","[5745, 'MARMOLES PICAPIEDRA']",2026-05-22,Lamina NTC Bruta,0.0,8000.0,-8000.0,"[33, 'MXN']",False,False
459,"[156, 'INV/2026/00015 (S00021)']","[89, '209.01.01 IVA POR COBRAR']","[5745, 'MARMOLES PICAPIEDRA']",2026-05-22,16%,0.0,2080.0,-2080.0,"[33, 'MXN']",False,False
460,"[156, 'INV/2026/00015 (S00021)']","[13347, '1005.01.60 MARMOLES PICAPIEDRA']","[5745, 'MARMOLES PICAPIEDRA']",2026-05-22,S00021 - INV/2026/00015,15080.0,0.0,15080.0,"[33, 'MXN']",False,False
442,"[151, 'INV/2026/00013']","[112, '401.01.01 VENTAS TRANSFORMACION']","[5746, 'Mármoles Pedro Pica Piedra']",2026-05-22,Veracruz STD,0.0,10000.0,-10000.0,"[33, 'MXN']",False,False
443,"[151, 'INV/2026/00013']","[89, '209.01.01 IVA POR COBRAR']","[5746, 'Mármoles Pedro Pica Piedra']",2026-05-22,16%,0.0,1600.0,-1600.0,"[33, 'MXN']",False,False
444,"[151, 'INV/2026/00013']","[51, '105.01.01 XDIFICA, SA DE CV']","[5746, 'Mármoles Pedro Pica Piedra']",2026-05-22,INV/2026/00013,11600.0,0.0,11600.0,"[33, 'MXN']",False,False
410,"[140, 'INV/2026/00011']","[112, '401.01.01 VENTAS TRANSFORMACION']","[5746, 'Mármoles Pedro Pica Piedra']",2026-05-22,"Laminas VERACRUZ STD (Con acabado) (CC, SPAZZOLATO, ENMALLADO)",0.0,27100.0,-27100.0,"[33, 'MXN']",False,False
411,"[140, 'INV/2026/00011']",False,"[5746, 'Mármoles Pedro Pica Piedra']",2026-05-22,False,0.0,0.0,0.0,"[33, 'MXN']",False,False
412,"[140, 'INV/2026/00011']","[89, '209.01.01 IVA POR COBRAR']","[5746, 'Mármoles Pedro Pica Piedra']",2026-05-22,16%,0.0,4336.0,-4336.0,"[33, 'MXN']",False,False
413,"[140, 'INV/2026/00011']","[51, '105.01.01 XDIFICA, SA DE CV']","[5746, 'Mármoles Pedro Pica Piedra']",2026-05-22,INV/2026/00011,31436.0,0.0,31436.0,"[33, 'MXN']",False,False
357,"[125, 'INV/2026/00010 (S00011)']","[112, '401.01.01 VENTAS TRANSFORMACION']","[5746, 'Mármoles Pedro Pica Piedra']",2026-05-22,"Laminas VERACRUZ STD (Con acabado) (CC, SPAZZOLATO, ENMALLADO)",0.0,27100.0,-27100.0,"[33, 'MXN']",False,False
358,"[125, 'INV/2026/00010 (S00011)']","[89, '209.01.01 IVA POR COBRAR']","[5746, 'Mármoles Pedro Pica Piedra']",2026-05-22,16%,0.0,4336.0,-4336.0,"[33, 'MXN']",False,False
359,"[125, 'INV/2026/00010 (S00011)']","[51, '105.01.01 XDIFICA, SA DE CV']","[5746, 'Mármoles Pedro Pica Piedra']",2026-05-22,S00011 - INV/2026/00010,31436.0,0.0,31436.0,"[33, 'MXN']",False,False
363,"[125, 'INV/2026/00010 (S00011)']",False,"[5746, 'Mármoles Pedro Pica Piedra']",2026-05-22,False,0.0,0.0,0.0,"[33, 'MXN']",False,False
351,"[123, 'INV/2026/00009 (S00016)']","[112, '401.01.01 VENTAS TRANSFORMACION']","[5742, 'Mármoles y servicios del Norte']",2026-05-22,"Laminas VERACRUZ STD (Con acabado) (CC, BRILLADO, MASILLA)",0.0,90000.0,-90000.0,"[33, 'MXN']",False,False
352,"[123, 'INV/2026/00009 (S00016)']","[89, '209.01.01 IVA POR COBRAR']","[5742, 'Mármoles y servicios del Norte']",2026-05-22,16%,0.0,14400.0,-14400.0,"[33, 'MXN']",False,False
353,"[123, 'INV/2026/00009 (S00016)']","[51, '105.01.01 XDIFICA, SA DE CV']","[5742, 'Mármoles y servicios del Norte']",2026-05-22,S00016 - INV/2026/00009,104400.0,0.0,104400.0,"[33, 'MXN']",False,False
348,"[122, 'INV/2026/00008 (S00013)']","[112, '401.01.01 VENTAS TRANSFORMACION']","[5750, 'Piedras el tiron']",2026-05-22,Laminas VERACRUZ STD,0.0,25100.0,-25100.0,"[33, 'MXN']",False,False
349,"[122, 'INV/2026/00008 (S00013)']","[89, '209.01.01 IVA POR COBRAR']","[5750, 'Piedras el tiron']",2026-05-22,16%,0.0,4016.0,-4016.0,"[33, 'MXN']",False,True
350,"[122, 'INV/2026/00008 (S00013)']","[13345, '1005.1.100 Piedras el tiron']","[5750, 'Piedras el tiron']",2026-05-22,S00013 - INV/2026/00008,29116.0,0.0,29116.0,"[33, 'MXN']",False,True
364,"[122, 'INV/2026/00008 (S00013)']",False,"[5750, 'Piedras el tiron']",2026-05-22,False,0.0,0.0,0.0,"[33, 'MXN']",False,False
365,"[122, 'INV/2026/00008 (S00013)']",False,"[5750, 'Piedras el tiron']",2026-05-22,False,0.0,0.0,0.0,"[33, 'MXN']",False,False
344,"[121, 'INV/2026/00007 (S00009)']","[112, '401.01.01 VENTAS TRANSFORMACION']","[5741, 'Grupo Tenerife, S.A. de C.V.']",2026-05-22,"Lamina NTC Acabado (SPAZZOLATO, MASILLA, Si)",0.0,14100.0,-14100.0,"[33, 'MXN']",False,False
345,"[121, 'INV/2026/00007 (S00009)']","[112, '401.01.01 VENTAS TRANSFORMACION']","[5741, 'Grupo Tenerife, S.A. de C.V.']",2026-05-22,"[Delivery_007] Envío estándar
Standard delivery",0.0,1250.0,-1250.0,"[33, 'MXN']",False,False
346,"[121, 'INV/2026/00007 (S00009)']","[89, '209.01.01 IVA POR COBRAR']","[5741, 'Grupo Tenerife, S.A. de C.V.']",2026-05-22,16%,0.0,2256.0,-2256.0,"[33, 'MXN']",False,False
347,"[121, 'INV/2026/00007 (S00009)']","[51, '105.01.01 XDIFICA, SA DE CV']","[5741, 'Grupo Tenerife, S.A. de C.V.']",2026-05-22,S00009 - INV/2026/00007,17606.0,0.0,17606.0,"[33, 'MXN']",False,False
467,"[159, 'CBMX/2026/05/0004 (INV/2026/00016)']","[134, '899.01.99 Base Imponible de Impuestos en Base a Flujo de Efectivo']","[5745, 'MARMOLES PICAPIEDRA']",2026-05-22,INV/2026/00016 - PBNK1/2026/00004,10650.0,0.0,10650.0,"[33, 'MXN']",False,False
468,"[159, 'CBMX/2026/05/0004 (INV/2026/00016)']","[134, '899.01.99 Base Imponible de Impuestos en Base a Flujo de Efectivo']","[5745, 'MARMOLES PICAPIEDRA']",2026-05-22,INV/2026/00016 - PBNK1/2026/00004,0.0,10650.0,-10650.0,"[33, 'MXN']",False,False
469,"[159, 'CBMX/2026/05/0004 (INV/2026/00016)']","[89, '209.01.01 IVA POR COBRAR']","[5745, 'MARMOLES PICAPIEDRA']",2026-05-22,16%,1704.0,0.0,1704.0,"[33, 'MXN']",False,True
470,"[159, 'CBMX/2026/05/0004 (INV/2026/00016)']","[87, '208.01.01 IVA COBRADO']","[5745, 'MARMOLES PICAPIEDRA']",2026-05-22,16%,0.0,1704.0,-1704.0,"[33, 'MXN']",False,False
453,"[155, 'CBMX/2026/05/0003 (INV/2026/00008)']","[134, '899.01.99 Base Imponible de Impuestos en Base a Flujo de Efectivo']","[5750, 'Piedras el tiron']",2026-05-22,INV/2026/00008 - PBNK1/2026/00002,25100.0,0.0,25100.0,"[33, 'MXN']",False,False
454,"[155, 'CBMX/2026/05/0003 (INV/2026/00008)']","[134, '899.01.99 Base Imponible de Impuestos en Base a Flujo de Efectivo']","[5750, 'Piedras el tiron']",2026-05-22,INV/2026/00008 - PBNK1/2026/00002,0.0,25100.0,-25100.0,"[33, 'MXN']",False,False
455,"[155, 'CBMX/2026/05/0003 (INV/2026/00008)']","[89, '209.01.01 IVA POR COBRAR']","[5750, 'Piedras el tiron']",2026-05-22,16%,4016.0,0.0,4016.0,"[33, 'MXN']",False,True
456,"[155, 'CBMX/2026/05/0003 (INV/2026/00008)']","[87, '208.01.01 IVA COBRADO']","[5750, 'Piedras el tiron']",2026-05-22,16%,0.0,4016.0,-4016.0,"[33, 'MXN']",False,False
403,"[138, 'CBMX/2026/05/0002 (Reversión de: CBMX/2026/05/0001)']","[134, '899.01.99 Base Imponible de Impuestos en Base a Flujo de Efectivo']","[5750, 'Piedras el tiron']",2026-05-22,INV/2026/00008 - PBNK1/2026/00002,0.0,25100.0,-25100.0,"[33, 'MXN']",False,False
404,"[138, 'CBMX/2026/05/0002 (Reversión de: CBMX/2026/05/0001)']","[134, '899.01.99 Base Imponible de Impuestos en Base a Flujo de Efectivo']","[5750, 'Piedras el tiron']",2026-05-22,INV/2026/00008 - PBNK1/2026/00002,25100.0,0.0,25100.0,"[33, 'MXN']",False,False
405,"[138, 'CBMX/2026/05/0002 (Reversión de: CBMX/2026/05/0001)']","[89, '209.01.01 IVA POR COBRAR']","[5750, 'Piedras el tiron']",2026-05-22,16%,0.0,4016.0,-4016.0,"[33, 'MXN']",False,True
406,"[138, 'CBMX/2026/05/0002 (Reversión de: CBMX/2026/05/0001)']","[87, '208.01.01 IVA COBRADO']","[5750, 'Piedras el tiron']",2026-05-22,16%,4016.0,0.0,4016.0,"[33, 'MXN']",False,False
386,"[134, 'CBMX/2026/05/0001 (INV/2026/00008)']","[134, '899.01.99 Base Imponible de Impuestos en Base a Flujo de Efectivo']","[5750, 'Piedras el tiron']",2026-05-22,INV/2026/00008 - PBNK1/2026/00002,25100.0,0.0,25100.0,"[33, 'MXN']",False,False
387,"[134, 'CBMX/2026/05/0001 (INV/2026/00008)']","[134, '899.01.99 Base Imponible de Impuestos en Base a Flujo de Efectivo']","[5750, 'Piedras el tiron']",2026-05-22,INV/2026/00008 - PBNK1/2026/00002,0.0,25100.0,-25100.0,"[33, 'MXN']",False,False
388,"[134, 'CBMX/2026/05/0001 (INV/2026/00008)']","[89, '209.01.01 IVA POR COBRAR']","[5750, 'Piedras el tiron']",2026-05-22,16%,4016.0,0.0,4016.0,"[33, 'MXN']",False,True
389,"[134, 'CBMX/2026/05/0001 (INV/2026/00008)']","[87, '208.01.01 IVA COBRADO']","[5750, 'Piedras el tiron']",2026-05-22,16%,0.0,4016.0,-4016.0,"[33, 'MXN']",False,False
605,"[201, 'MISCE/2026/05/0005 (PATRICIA CRUZ PEREZ)']","[3903, '201.01.14 PATRICIA CRUZ PEREZ']",False,2026-05-15,A3775,150000.0,0.0,150000.0,"[33, 'MXN']",{'5': 100.0},False
606,"[201, 'MISCE/2026/05/0005 (PATRICIA CRUZ PEREZ)']","[135, '102.01.01 BBVA CTA.7934 MX']",False,2026-05-15,A3775,0.0,150000.0,-150000.0,"[33, 'MXN']",{'5': 100.0},False
607,"[201, 'MISCE/2026/05/0005 (PATRICIA CRUZ PEREZ)']","[67, '118.01.01 IVA ACREDITABLE NACIONAL']",False,2026-05-15,A3775,20689.65,0.0,20689.65,"[33, 'MXN']",False,False
608,"[201, 'MISCE/2026/05/0005 (PATRICIA CRUZ PEREZ)']","[71, '119.01.01 IVA POR ACREDITAR']",False,2026-05-15,A3775,0.0,20689.65,-20689.65,"[33, 'MXN']",False,False
339,"[101, 'INV/2026/00054']","[4326, 'Sales and/or services taxed at the general rate']","[46, 'Carlos Solana']",2026-05-15,"BLOCK CARAMEL (LAMINA, LLANO)",0.0,420.0,-420.0,"[1, 'USD']",False,False
340,"[101, 'INV/2026/00054']","[4303, 'VAT carried forward not collected']","[46, 'Carlos Solana']",2026-05-15,16%,0.0,67.2,-67.2,"[1, 'USD']",False,False
341,"[101, 'INV/2026/00054']","[4265, 'Domestic customers']","[46, 'Carlos Solana']",2026-05-15,INV/2026/00054,487.2,0.0,487.2,"[1, 'USD']",False,False
336,"[117, 'Borrador de factura INV/2026/00053']","[4326, 'Sales and/or services taxed at the general rate']","[46, 'Carlos Solana']",2026-05-15,"BLOCK CARAMEL (LAMINA, RIEGOS)",0.0,180.0,-180.0,"[1, 'USD']",False,False
337,"[117, 'Borrador de factura INV/2026/00053']","[4303, 'VAT carried forward not collected']","[46, 'Carlos Solana']",2026-05-15,16%,0.0,28.8,-28.8,"[1, 'USD']",False,False
338,"[117, 'Borrador de factura INV/2026/00053']","[4265, 'Domestic customers']","[46, 'Carlos Solana']",2026-05-15,INV/2026/00053,208.8,0.0,208.8,"[1, 'USD']",False,False
333,"[116, 'INV/2026/00052']","[4326, 'Sales and/or services taxed at the general rate']","[46, 'Carlos Solana']",2026-05-15,"BLOCK CARAMEL (LAMINA, LLANO)",0.0,174.95,-174.95,"[1, 'USD']",False,False
334,"[116, 'INV/2026/00052']","[4303, 'VAT carried forward not collected']","[46, 'Carlos Solana']",2026-05-15,16%,0.0,27.99,-27.99,"[1, 'USD']",False,False
335,"[116, 'INV/2026/00052']","[4265, 'Domestic customers']","[46, 'Carlos Solana']",2026-05-15,INV/2026/00052,202.94,0.0,202.94,"[1, 'USD']",False,False
330,"[115, 'INV/2026/00051']","[4326, 'Sales and/or services taxed at the general rate']","[46, 'Carlos Solana']",2026-05-15,"BLOCK CARAMEL (LAMINA, LLANO)",0.0,174.95,-174.95,"[1, 'USD']",False,False
331,"[115, 'INV/2026/00051']","[4303, 'VAT carried forward not collected']","[46, 'Carlos Solana']",2026-05-15,16%,0.0,27.99,-27.99,"[1, 'USD']",False,False
332,"[115, 'INV/2026/00051']","[4265, 'Domestic customers']","[46, 'Carlos Solana']",2026-05-15,INV/2026/00051,202.94,0.0,202.94,"[1, 'USD']",False,False
611,"[203, 'MISCE/2026/05/0006 (X1 PTVO FILTROS SERVICIOS)']","[4115, '504.01.03 MTTO MAQ. PREVENTIVO']",False,2026-05-12,AA190395,11129.3,0.0,11129.3,"[33, 'MXN']",{'2': 100.0},False
612,"[203, 'MISCE/2026/05/0006 (X1 PTVO FILTROS SERVICIOS)']","[67, '118.01.01 IVA ACREDITABLE NACIONAL']",False,2026-05-12,AA190395,1780.69,0.0,1780.69,"[33, 'MXN']",False,False
613,"[203, 'MISCE/2026/05/0006 (X1 PTVO FILTROS SERVICIOS)']","[3696, '102.01.06 BBVA CTA.3701 MX']",False,2026-05-12,AA190395,0.0,12909.99,-12909.99,"[33, 'MXN']",{'2': 100.0},False
599,"[199, 'MISCE/2026/05/0004 (PATRICIA CRUZ PEREZ)']","[4182, '602.84.01 EMPAQUES Y EMBALAJES']",False,2026-05-08,A3775,180587.44,0.0,180587.44,"[33, 'MXN']",{'5': 100.0},False
600,"[199, 'MISCE/2026/05/0004 (PATRICIA CRUZ PEREZ)']","[71, '119.01.01 IVA POR ACREDITAR']",False,2026-05-08,A3775,28893.99,0.0,28893.99,"[33, 'MXN']",False,False
601,"[199, 'MISCE/2026/05/0004 (PATRICIA CRUZ PEREZ)']","[3903, '201.01.14 PATRICIA CRUZ PEREZ']",False,2026-05-08,A3775,0.0,209481.43,-209481.43,"[33, 'MXN']",{'5': 100.0},False
596,"[198, 'MISCE/2026/05/0003 (COMISIONES BANCARIAS BANREGIO DOLARES)']","[4250, '701.10.01 COMISIONES BANCARIAS']",False,2026-05-07,COMISIONES,15.0,0.0,15.0,"[1, 'USD']","{'2': 30.0, '5': 70.0}",False
597,"[198, 'MISCE/2026/05/0003 (COMISIONES BANCARIAS BANREGIO DOLARES)']","[67, '118.01.01 IVA ACREDITABLE NACIONAL']",False,2026-05-07,COMISIONES,2.4,0.0,2.4,"[1, 'USD']",False,False
598,"[198, 'MISCE/2026/05/0003 (COMISIONES BANCARIAS BANREGIO DOLARES)']","[3703, '102.02.05 BANREGIO CTA.1730 USD']",False,2026-05-07,COMISIONES,0.0,17.4,-17.4,"[1, 'USD']",False,False
592,"[192, 'MISCE/2026/05/0002 (ASTRO TRANSPORTE DE REFINADOS)']","[4114, '504.01.02 DIESEL']",False,2026-05-06,8720,12500.0,0.0,12500.0,"[33, 'MXN']","{'2': 70.0, '3': 30.0}",False
593,"[192, 'MISCE/2026/05/0002 (ASTRO TRANSPORTE DE REFINADOS)']","[67, '118.01.01 IVA ACREDITABLE NACIONAL']",False,2026-05-06,8720,2000.0,0.0,2000.0,"[33, 'MXN']",False,False
594,"[192, 'MISCE/2026/05/0002 (ASTRO TRANSPORTE DE REFINADOS)']","[105, '216.10.01 RETENCIONES IVA FLETES']",False,2026-05-06,8720,0.0,500.0,-500.0,"[33, 'MXN']",False,False
595,"[192, 'MISCE/2026/05/0002 (ASTRO TRANSPORTE DE REFINADOS)']","[135, '102.01.01 BBVA CTA.7934 MX']",False,2026-05-06,8720,0.0,14000.0,-14000.0,"[33, 'MXN']","{'2': 70.0, '3': 30.0}",False
313,"[110, 'PBNK1/2026/00018 (pagos carlos solana)']","[4351, 'BBVA CTA.7934 MX']","[46, 'Carlos Solana']",2026-05-03,Pago manual: pagos carlos solana,4.0,0.0,4.0,"[33, 'MXN']",False,False
314,"[110, 'PBNK1/2026/00018 (pagos carlos solana)']","[4265, 'Domestic customers']","[46, 'Carlos Solana']",2026-05-03,Pago manual: pagos carlos solana,0.0,4.0,-4.0,"[33, 'MXN']",False,False
297,"[105, 'PBNK1/2026/00017 (PAgo de 2 facturas)']","[4351, 'BBVA CTA.7934 MX']","[46, 'Carlos Solana']",2026-05-03,Pago manual: PAgo de 2 facturas,2.32,0.0,2.32,"[33, 'MXN']",False,False
298,"[105, 'PBNK1/2026/00017 (PAgo de 2 facturas)']","[4265, 'Domestic customers']","[46, 'Carlos Solana']",2026-05-03,Pago manual: PAgo de 2 facturas,0.0,2.32,-2.32,"[33, 'MXN']",False,True
323,"[113, 'INV/2026/00050']","[4326, 'Sales and/or services taxed at the general rate']","[46, 'Carlos Solana']",2026-05-03,"BLOCK CARAMEL (LAMINA, RIEGOS)",0.0,1.0,-1.0,"[33, 'MXN']",False,False
324,"[113, 'INV/2026/00050']","[4303, 'VAT carried forward not collected']","[46, 'Carlos Solana']",2026-05-03,16%,0.0,0.16,-0.16,"[33, 'MXN']",False,True
325,"[113, 'INV/2026/00050']","[4265, 'Domestic customers']","[46, 'Carlos Solana']",2026-05-03,INV/2026/00050,1.16,0.0,1.16,"[33, 'MXN']",False,True
310,"[109, 'INV/2026/00049']","[4326, 'Sales and/or services taxed at the general rate']","[46, 'Carlos Solana']",2026-05-03,"BLOCK CARAMEL (LAMINA, LLANO)",0.0,1.0,-1.0,"[33, 'MXN']",False,False
311,"[109, 'INV/2026/00049']","[4303, 'VAT carried forward not collected']","[46, 'Carlos Solana']",2026-05-03,16%,0.0,0.16,-0.16,"[33, 'MXN']",False,True
312,"[109, 'INV/2026/00049']","[4265, 'Domestic customers']","[46, 'Carlos Solana']",2026-05-03,INV/2026/00049,1.16,0.0,1.16,"[33, 'MXN']",False,True
307,"[108, 'INV/2026/00048']","[4326, 'Sales and/or services taxed at the general rate']","[46, 'Carlos Solana']",2026-05-03,"BLOCK CARAMEL (LAMINA, RIEGOS)",0.0,1.0,-1.0,"[33, 'MXN']",False,False
308,"[108, 'INV/2026/00048']","[4303, 'VAT carried forward not collected']","[46, 'Carlos Solana']",2026-05-03,16%,0.0,0.16,-0.16,"[33, 'MXN']",False,True
309,"[108, 'INV/2026/00048']","[4265, 'Domestic customers']","[46, 'Carlos Solana']",2026-05-03,INV/2026/00048,1.16,0.0,1.16,"[33, 'MXN']",False,True
294,"[104, 'INV/2026/00047']","[4326, 'Sales and/or services taxed at the general rate']","[46, 'Carlos Solana']",2026-05-03,"BLOCK CARAMEL (LAMINA, LLANO)",0.0,1.0,-1.0,"[33, 'MXN']",False,False
295,"[104, 'INV/2026/00047']","[4303, 'VAT carried forward not collected']","[46, 'Carlos Solana']",2026-05-03,16%,0.0,0.16,-0.16,"[33, 'MXN']",False,True
296,"[104, 'INV/2026/00047']","[4265, 'Domestic customers']","[46, 'Carlos Solana']",2026-05-03,INV/2026/00047,1.16,0.0,1.16,"[33, 'MXN']",False,True
291,"[103, 'INV/2026/00046']","[4326, 'Sales and/or services taxed at the general rate']","[46, 'Carlos Solana']",2026-05-03,"BLOCK CARAMEL (LAMINA, RIEGOS)",0.0,1.0,-1.0,"[33, 'MXN']",False,False
292,"[103, 'INV/2026/00046']","[4303, 'VAT carried forward not collected']","[46, 'Carlos Solana']",2026-05-03,16%,0.0,0.16,-0.16,"[33, 'MXN']",False,True
293,"[103, 'INV/2026/00046']","[4265, 'Domestic customers']","[46, 'Carlos Solana']",2026-05-03,INV/2026/00046,1.16,0.0,1.16,"[33, 'MXN']",False,True
288,"[102, 'INV/2026/00045']","[4326, 'Sales and/or services taxed at the general rate']","[5731, 'Decoraciones Avanzadas Dekora S.A.']",2026-05-03,"VERACRUZ CC PRIMERA (PROPIO, LAMINA, MASILLA, S/ACABADO, 1.6)",0.0,1287822.0,-1287822.0,"[1, 'USD']",False,False
289,"[102, 'INV/2026/00045']","[4303, 'VAT carried forward not collected']","[5731, 'Decoraciones Avanzadas Dekora S.A.']",2026-05-03,16%,0.0,206051.52,-206051.52,"[1, 'USD']",False,False
290,"[102, 'INV/2026/00045']","[4265, 'Domestic customers']","[5731, 'Decoraciones Avanzadas Dekora S.A.']",2026-05-03,INV/2026/00045,1493873.52,0.0,1493873.52,"[1, 'USD']",False,False
326,"[114, 'CBMX/2026/05/0005 (INV/2026/00050)']","[4350, 'Taxable Cash Flow Tax Basis']","[46, 'Carlos Solana']",2026-05-03,INV/2026/00050 - PBNK1/2026/00018,1.0,0.0,1.0,"[33, 'MXN']",False,False
327,"[114, 'CBMX/2026/05/0005 (INV/2026/00050)']","[4350, 'Taxable Cash Flow Tax Basis']","[46, 'Carlos Solana']",2026-05-03,INV/2026/00050 - PBNK1/2026/00018,0.0,1.0,-1.0,"[33, 'MXN']",False,False
328,"[114, 'CBMX/2026/05/0005 (INV/2026/00050)']","[4303, 'VAT carried forward not collected']","[46, 'Carlos Solana']",2026-05-03,16%,0.16,0.0,0.16,"[33, 'MXN']",False,True
329,"[114, 'CBMX/2026/05/0005 (INV/2026/00050)']","[4301, 'VAT carried forward collected']","[46, 'Carlos Solana']",2026-05-03,16%,0.0,0.16,-0.16,"[33, 'MXN']",False,False
319,"[112, 'CBMX/2026/05/0004 (INV/2026/00048)']","[4350, 'Taxable Cash Flow Tax Basis']","[46, 'Carlos Solana']",2026-05-03,INV/2026/00048 - PBNK1/2026/00018,1.0,0.0,1.0,"[33, 'MXN']",False,False
320,"[112, 'CBMX/2026/05/0004 (INV/2026/00048)']","[4350, 'Taxable Cash Flow Tax Basis']","[46, 'Carlos Solana']",2026-05-03,INV/2026/00048 - PBNK1/2026/00018,0.0,1.0,-1.0,"[33, 'MXN']",False,False
321,"[112, 'CBMX/2026/05/0004 (INV/2026/00048)']","[4303, 'VAT carried forward not collected']","[46, 'Carlos Solana']",2026-05-03,16%,0.16,0.0,0.16,"[33, 'MXN']",False,True
322,"[112, 'CBMX/2026/05/0004 (INV/2026/00048)']","[4301, 'VAT carried forward collected']","[46, 'Carlos Solana']",2026-05-03,16%,0.0,0.16,-0.16,"[33, 'MXN']",False,False
315,"[111, 'CBMX/2026/05/0003 (INV/2026/00049)']","[4350, 'Taxable Cash Flow Tax Basis']","[46, 'Carlos Solana']",2026-05-03,INV/2026/00049 - PBNK1/2026/00018,1.0,0.0,1.0,"[33, 'MXN']",False,False
316,"[111, 'CBMX/2026/05/0003 (INV/2026/00049)']","[4350, 'Taxable Cash Flow Tax Basis']","[46, 'Carlos Solana']",2026-05-03,INV/2026/00049 - PBNK1/2026/00018,0.0,1.0,-1.0,"[33, 'MXN']",False,False
317,"[111, 'CBMX/2026/05/0003 (INV/2026/00049)']","[4303, 'VAT carried forward not collected']","[46, 'Carlos Solana']",2026-05-03,16%,0.16,0.0,0.16,"[33, 'MXN']",False,True
318,"[111, 'CBMX/2026/05/0003 (INV/2026/00049)']","[4301, 'VAT carried forward collected']","[46, 'Carlos Solana']",2026-05-03,16%,0.0,0.16,-0.16,"[33, 'MXN']",False,False
303,"[107, 'CBMX/2026/05/0002 (INV/2026/00047)']","[4350, 'Taxable Cash Flow Tax Basis']","[46, 'Carlos Solana']",2026-05-03,INV/2026/00047 - PBNK1/2026/00017,1.0,0.0,1.0,"[33, 'MXN']",False,False
304,"[107, 'CBMX/2026/05/0002 (INV/2026/00047)']","[4350, 'Taxable Cash Flow Tax Basis']","[46, 'Carlos Solana']",2026-05-03,INV/2026/00047 - PBNK1/2026/00017,0.0,1.0,-1.0,"[33, 'MXN']",False,False
305,"[107, 'CBMX/2026/05/0002 (INV/2026/00047)']","[4303, 'VAT carried forward not collected']","[46, 'Carlos Solana']",2026-05-03,16%,0.16,0.0,0.16,"[33, 'MXN']",False,True
306,"[107, 'CBMX/2026/05/0002 (INV/2026/00047)']","[4301, 'VAT carried forward collected']","[46, 'Carlos Solana']",2026-05-03,16%,0.0,0.16,-0.16,"[33, 'MXN']",False,False
299,"[106, 'CBMX/2026/05/0001 (INV/2026/00046)']","[4350, 'Taxable Cash Flow Tax Basis']","[46, 'Carlos Solana']",2026-05-03,INV/2026/00046 - PBNK1/2026/00017,1.0,0.0,1.0,"[33, 'MXN']",False,False
300,"[106, 'CBMX/2026/05/0001 (INV/2026/00046)']","[4350, 'Taxable Cash Flow Tax Basis']","[46, 'Carlos Solana']",2026-05-03,INV/2026/00046 - PBNK1/2026/00017,0.0,1.0,-1.0,"[33, 'MXN']",False,False
301,"[106, 'CBMX/2026/05/0001 (INV/2026/00046)']","[4303, 'VAT carried forward not collected']","[46, 'Carlos Solana']",2026-05-03,16%,0.16,0.0,0.16,"[33, 'MXN']",False,True
302,"[106, 'CBMX/2026/05/0001 (INV/2026/00046)']","[4301, 'VAT carried forward collected']","[46, 'Carlos Solana']",2026-05-03,16%,0.0,0.16,-0.16,"[33, 'MXN']",False,False
342,"[120, 'MISCE/2026/05/0001 (TS)']","[3696, '102.01.06 BBVA CTA.3701 MX']",False,2026-05-01,TRASPASO,10000.0,0.0,10000.0,"[33, 'MXN']",False,False
343,"[120, 'MISCE/2026/05/0001 (TS)']","[135, '102.01.01 BBVA CTA.7934 MX']",False,2026-05-01,TRASPASO,0.0,10000.0,-10000.0,"[33, 'MXN']",False,False
286,"[100, 'INV/2026/00044']","[4326, 'Sales and/or services taxed at the general rate']","[46, 'Carlos Solana']",2026-04-30,Servicio en la hoja de horas,0.0,41.37,-41.37,"[1, 'USD']",False,False
287,"[100, 'INV/2026/00044']","[4265, 'Domestic customers']","[46, 'Carlos Solana']",2026-04-30,INV/2026/00044,41.37,0.0,41.37,"[1, 'USD']",False,False
284,"[99, 'INV/2026/00043']","[4326, 'Sales and/or services taxed at the general rate']","[46, 'Carlos Solana']",2026-04-30,Servicio en la hoja de horas,0.0,40.0,-40.0,"[1, 'USD']",False,False
285,"[99, 'INV/2026/00043']","[4265, 'Domestic customers']","[46, 'Carlos Solana']",2026-04-30,INV/2026/00043,40.0,0.0,40.0,"[1, 'USD']",False,False
278,"[94, 'PBNK1/2026/00016 (INV/2026/00042)']","[4351, 'BBVA CTA.7934 MX']","[46, 'Carlos Solana']",2026-04-29,Pago manual: INV/2026/00042,100.0,0.0,100.0,"[125, 'EUR']",False,False
279,"[94, 'PBNK1/2026/00016 (INV/2026/00042)']","[4265, 'Domestic customers']","[46, 'Carlos Solana']",2026-04-29,Pago manual: INV/2026/00042,0.0,100.0,-100.0,"[125, 'EUR']",False,False
234,"[81, 'Borrador de factura INV/2026/00042']","[4326, 'Sales and/or services taxed at the general rate']","[46, 'Carlos Solana']",2026-04-29,[ANT-01] Anticipo,0.0,1700.0,-1700.0,"[1, 'USD']",False,False
235,"[81, 'Borrador de factura INV/2026/00042']","[4265, 'Domestic customers']","[46, 'Carlos Solana']",2026-04-29,INV/2026/00042,1700.0,0.0,1700.0,"[1, 'USD']",False,False
282,"[96, 'CAMBI/2026/04/0002 (Reversión de: CAMBI/2026/04/0001)']","[4265, 'Domestic customers']","[46, 'Carlos Solana']",2026-04-29,Diferencia en tasa de cambio de moneda,1800.0,0.0,1800.0,"[125, 'EUR']",False,True
283,"[96, 'CAMBI/2026/04/0002 (Reversión de: CAMBI/2026/04/0001)']","[4347, 'Foreign exchange loss']","[46, 'Carlos Solana']",2026-04-29,Diferencia en tasa de cambio de moneda,0.0,1800.0,-1800.0,"[125, 'EUR']",False,False
280,"[95, 'CAMBI/2026/04/0001']","[4265, 'Domestic customers']","[46, 'Carlos Solana']",2026-04-29,Diferencia en tasa de cambio de moneda,0.0,1800.0,-1800.0,"[125, 'EUR']",False,True
281,"[95, 'CAMBI/2026/04/0001']","[4347, 'Foreign exchange loss']","[46, 'Carlos Solana']",2026-04-29,Diferencia en tasa de cambio de moneda,1800.0,0.0,1800.0,"[125, 'EUR']",False,False
221,"[75, 'Borrador de factura']","[4326, 'Sales and/or services taxed at the general rate']","[46, 'Carlos Solana']",2026-04-27,[ANT-01] Anticipo,0.0,0.0,0.0,"[125, 'EUR']",False,False
222,"[75, 'Borrador de factura']","[4265, 'Domestic customers']","[46, 'Carlos Solana']",2026-04-27,False,0.0,0.0,0.0,"[125, 'EUR']",False,True
223,"[76, 'Borrador de factura']","[4326, 'Sales and/or services taxed at the general rate']","[46, 'Carlos Solana']",2026-04-27,[ANT-01] Anticipo,0.0,0.0,0.0,"[125, 'EUR']",False,False
224,"[76, 'Borrador de factura']","[4265, 'Domestic customers']","[46, 'Carlos Solana']",2026-04-27,False,0.0,0.0,0.0,"[125, 'EUR']",False,True
225,"[77, '']","[4326, 'Sales and/or services taxed at the general rate']","[46, 'Carlos Solana']",2026-04-27,[ANT-01] Anticipo,0.0,0.0,0.0,"[33, 'MXN']",False,False
226,"[77, '']","[4265, 'Domestic customers']","[46, 'Carlos Solana']",2026-04-27,False,0.0,0.0,0.0,"[33, 'MXN']",False,True
229,"[79, 'PBNK1/2026/00015 (INV/2026/00040)']","[4351, 'BBVA CTA.7934 MX']","[46, 'Carlos Solana']",2026-04-27,Pago manual: INV/2026/00040,100.0,0.0,100.0,"[33, 'MXN']",False,False
230,"[79, 'PBNK1/2026/00015 (INV/2026/00040)']","[4265, 'Domestic customers']","[46, 'Carlos Solana']",2026-04-27,Pago manual: INV/2026/00040,0.0,100.0,-100.0,"[33, 'MXN']",False,True
256,"[88, 'PBNK1/2026/00001']","[135, '102.01.01 BBVA CTA.7934 MX']","[127, 'Africam Safari, francisco.fernandez@novucentral.com']",2026-04-27,Manual Payment,100000.0,0.0,100000.0,"[33, 'MXN']",False,False
257,"[88, 'PBNK1/2026/00001']","[51, '105.01.01 XDIFICA, SA DE CV']","[127, 'Africam Safari, francisco.fernandez@novucentral.com']",2026-04-27,Manual Payment,0.0,100000.0,-100000.0,"[33, 'MXN']",False,False
231,"[80, 'INV/2026/00041']","[4326, 'Sales and/or services taxed at the general rate']","[46, 'Carlos Solana']",2026-04-27,Servicio en la hoja de horas,0.0,40.0,-40.0,"[33, 'MXN']",False,False
232,"[80, 'INV/2026/00041']","[4265, 'Domestic customers']","[46, 'Carlos Solana']",2026-04-27,INV/2026/00041,30.0,0.0,30.0,"[33, 'MXN']",False,False
233,"[80, 'INV/2026/00041']","[4326, 'Sales and/or services taxed at the general rate']","[46, 'Carlos Solana']",2026-04-27,Aplicación de INV/2026/00036,10.0,0.0,10.0,"[33, 'MXN']",False,False
227,"[78, 'INV/2026/00040']","[4326, 'Sales and/or services taxed at the general rate']","[46, 'Carlos Solana']",2026-04-27,[ANT-01] Anticipo,0.0,100.0,-100.0,"[33, 'MXN']",False,False
228,"[78, 'INV/2026/00040']","[4265, 'Domestic customers']","[46, 'Carlos Solana']",2026-04-27,INV/2026/00040,100.0,0.0,100.0,"[33, 'MXN']",False,True
273,"[93, 'INV/2026/00006']","[112, '401.01.01 VENTAS TRANSFORMACION']","[127, 'Africam Safari, francisco.fernandez@novucentral.com']",2026-04-27,"IVORY (PROPIO, LAMINA, MASILLA, S/ACABADO, 1.6)
CFDI por remanente de un anticipo",0.0,5550.0,-5550.0,"[33, 'MXN']",False,False
276,"[93, 'INV/2026/00006']","[89, '209.01.01 IVA POR COBRAR']","[127, 'Africam Safari, francisco.fernandez@novucentral.com']",2026-04-27,16%,0.0,888.0,-888.0,"[33, 'MXN']",False,False
277,"[93, 'INV/2026/00006']","[51, '105.01.01 XDIFICA, SA DE CV']","[127, 'Africam Safari, francisco.fernandez@novucentral.com']",2026-04-27,INV/2026/00006,6438.0,0.0,6438.0,"[33, 'MXN']",False,False
270,"[92, 'INV/2026/00005']","[112, '401.01.01 VENTAS TRANSFORMACION']","[127, 'Africam Safari, francisco.fernandez@novucentral.com']",2026-04-27,[ANT-01] Anticipo,0.0,150000.0,-150000.0,"[33, 'MXN']",False,False
271,"[92, 'INV/2026/00005']","[89, '209.01.01 IVA POR COBRAR']","[127, 'Africam Safari, francisco.fernandez@novucentral.com']",2026-04-27,16%,0.0,24000.0,-24000.0,"[33, 'MXN']",False,False
272,"[92, 'INV/2026/00005']","[51, '105.01.01 XDIFICA, SA DE CV']","[127, 'Africam Safari, francisco.fernandez@novucentral.com']",2026-04-27,INV/2026/00005,174000.0,0.0,174000.0,"[33, 'MXN']",False,False
253,"[87, 'INV/2026/00004']","[112, '401.01.01 VENTAS TRANSFORMACION']","[127, 'Africam Safari, francisco.fernandez@novucentral.com']",2026-04-27,[ANT-01] Anticipo,0.0,6000.0,-6000.0,"[33, 'MXN']",False,False
254,"[87, 'INV/2026/00004']","[89, '209.01.01 IVA POR COBRAR']","[127, 'Africam Safari, francisco.fernandez@novucentral.com']",2026-04-27,16%,0.0,960.0,-960.0,"[33, 'MXN']",False,True
255,"[87, 'INV/2026/00004']","[51, '105.01.01 XDIFICA, SA DE CV']","[127, 'Africam Safari, francisco.fernandez@novucentral.com']",2026-04-27,INV/2026/00004,6960.0,0.0,6960.0,"[33, 'MXN']",False,True
247,"[85, 'INV/2026/00003']","[112, '401.01.01 VENTAS TRANSFORMACION']","[5502, 'Adolfo Gerardo Casas Casas']",2026-04-27,[ANT-01] Anticipo,0.0,6000.0,-6000.0,"[33, 'MXN']",False,False
248,"[85, 'INV/2026/00003']","[51, '105.01.01 XDIFICA, SA DE CV']","[5502, 'Adolfo Gerardo Casas Casas']",2026-04-27,INV/2026/00003,6960.0,0.0,6960.0,"[33, 'MXN']",False,False
249,"[85, 'INV/2026/00003']","[89, '209.01.01 IVA POR COBRAR']","[5502, 'Adolfo Gerardo Casas Casas']",2026-04-27,16%,0.0,960.0,-960.0,"[33, 'MXN']",False,False
242,"[84, 'INV/2026/00002 (S00005)']","[112, '401.01.01 VENTAS TRANSFORMACION']","[127, 'Africam Safari, francisco.fernandez@novucentral.com']",2026-04-27,"IVORY (PROPIO, LAMINA, MASILLA, S/ACABADO, 1.6)
CFDI por remanente de un anticipo",0.0,5550.0,-5550.0,"[33, 'MXN']",False,False
243,"[84, 'INV/2026/00002 (S00005)']",False,"[127, 'Africam Safari, francisco.fernandez@novucentral.com']",2026-04-27,Anticipos,0.0,0.0,0.0,"[33, 'MXN']",False,False
244,"[84, 'INV/2026/00002 (S00005)']","[112, '401.01.01 VENTAS TRANSFORMACION']","[127, 'Africam Safari, francisco.fernandez@novucentral.com']",2026-04-27,Anticipo (ref: INV/2026/00001 el 27/04/2026),1293.1,0.0,1293.1,"[33, 'MXN']",False,False
245,"[84, 'INV/2026/00002 (S00005)']","[89, '209.01.01 IVA POR COBRAR']","[127, 'Africam Safari, francisco.fernandez@novucentral.com']",2026-04-27,16%,0.0,681.1,-681.1,"[33, 'MXN']",False,True
246,"[84, 'INV/2026/00002 (S00005)']","[51, '105.01.01 XDIFICA, SA DE CV']","[127, 'Africam Safari, francisco.fernandez@novucentral.com']",2026-04-27,S00005 - INV/2026/00002,4938.0,0.0,4938.0,"[33, 'MXN']",False,True
239,"[83, 'INV/2026/00001 (S00005)']","[112, '401.01.01 VENTAS TRANSFORMACION']","[127, 'Africam Safari, francisco.fernandez@novucentral.com']",2026-04-27,Anticipo,0.0,1293.1,-1293.1,"[33, 'MXN']",False,False
240,"[83, 'INV/2026/00001 (S00005)']","[89, '209.01.01 IVA POR COBRAR']","[127, 'Africam Safari, francisco.fernandez@novucentral.com']",2026-04-27,16%,0.0,206.9,-206.9,"[33, 'MXN']",False,True
241,"[83, 'INV/2026/00001 (S00005)']","[51, '105.01.01 XDIFICA, SA DE CV']","[127, 'Africam Safari, francisco.fernandez@novucentral.com']",2026-04-27,S00005 - INV/2026/00001,1500.0,0.0,1500.0,"[33, 'MXN']",False,True
266,"[91, 'CBMX/2026/04/0003 (INV/2026/00004)']","[134, '899.01.99 Base Imponible de Impuestos en Base a Flujo de Efectivo']","[127, 'Africam Safari, francisco.fernandez@novucentral.com']",2026-04-27,INV/2026/00004 - PBNK1/2026/00001,6000.0,0.0,6000.0,"[33, 'MXN']",False,False
267,"[91, 'CBMX/2026/04/0003 (INV/2026/00004)']","[134, '899.01.99 Base Imponible de Impuestos en Base a Flujo de Efectivo']","[127, 'Africam Safari, francisco.fernandez@novucentral.com']",2026-04-27,INV/2026/00004 - PBNK1/2026/00001,0.0,6000.0,-6000.0,"[33, 'MXN']",False,False
268,"[91, 'CBMX/2026/04/0003 (INV/2026/00004)']","[89, '209.01.01 IVA POR COBRAR']","[127, 'Africam Safari, francisco.fernandez@novucentral.com']",2026-04-27,16%,960.0,0.0,960.0,"[33, 'MXN']",False,True
269,"[91, 'CBMX/2026/04/0003 (INV/2026/00004)']","[87, '208.01.01 IVA COBRADO']","[127, 'Africam Safari, francisco.fernandez@novucentral.com']",2026-04-27,16%,0.0,960.0,-960.0,"[33, 'MXN']",False,False
262,"[90, 'CBMX/2026/04/0002 (INV/2026/00002)']","[134, '899.01.99 Base Imponible de Impuestos en Base a Flujo de Efectivo']","[127, 'Africam Safari, francisco.fernandez@novucentral.com']",2026-04-27,INV/2026/00002 - PBNK1/2026/00001,4256.9,0.0,4256.9,"[33, 'MXN']",False,False
263,"[90, 'CBMX/2026/04/0002 (INV/2026/00002)']","[134, '899.01.99 Base Imponible de Impuestos en Base a Flujo de Efectivo']","[127, 'Africam Safari, francisco.fernandez@novucentral.com']",2026-04-27,INV/2026/00002 - PBNK1/2026/00001,0.0,4256.9,-4256.9,"[33, 'MXN']",False,False
264,"[90, 'CBMX/2026/04/0002 (INV/2026/00002)']","[89, '209.01.01 IVA POR COBRAR']","[127, 'Africam Safari, francisco.fernandez@novucentral.com']",2026-04-27,16%,681.1,0.0,681.1,"[33, 'MXN']",False,True
265,"[90, 'CBMX/2026/04/0002 (INV/2026/00002)']","[87, '208.01.01 IVA COBRADO']","[127, 'Africam Safari, francisco.fernandez@novucentral.com']",2026-04-27,16%,0.0,681.1,-681.1,"[33, 'MXN']",False,False
258,"[89, 'CBMX/2026/04/0001 (INV/2026/00001)']","[134, '899.01.99 Base Imponible de Impuestos en Base a Flujo de Efectivo']","[127, 'Africam Safari, francisco.fernandez@novucentral.com']",2026-04-27,INV/2026/00001 - PBNK1/2026/00001,1293.1,0.0,1293.1,"[33, 'MXN']",False,False
259,"[89, 'CBMX/2026/04/0001 (INV/2026/00001)']","[134, '899.01.99 Base Imponible de Impuestos en Base a Flujo de Efectivo']","[127, 'Africam Safari, francisco.fernandez@novucentral.com']",2026-04-27,INV/2026/00001 - PBNK1/2026/00001,0.0,1293.1,-1293.1,"[33, 'MXN']",False,False
260,"[89, 'CBMX/2026/04/0001 (INV/2026/00001)']","[89, '209.01.01 IVA POR COBRAR']","[127, 'Africam Safari, francisco.fernandez@novucentral.com']",2026-04-27,16%,206.9,0.0,206.9,"[33, 'MXN']",False,True
261,"[89, 'CBMX/2026/04/0001 (INV/2026/00001)']","[87, '208.01.01 IVA COBRADO']","[127, 'Africam Safari, francisco.fernandez@novucentral.com']",2026-04-27,16%,0.0,206.9,-206.9,"[33, 'MXN']",False,False
193,"[63, 'Borrador de factura']","[4326, 'Sales and/or services taxed at the general rate']","[46, 'Carlos Solana']",2026-04-22,Servicio en la hoja de horas,0.0,40.0,-40.0,"[33, 'MXN']",False,False
194,"[63, 'Borrador de factura']","[4265, 'Domestic customers']","[46, 'Carlos Solana']",2026-04-22,False,40.0,0.0,40.0,"[33, 'MXN']",False,False
199,"[66, '']","[4326, 'Sales and/or services taxed at the general rate']","[46, 'Carlos Solana']",2026-04-22,[ANT-01] Anticipo,0.0,100.0,-100.0,"[33, 'MXN']",False,False
200,"[66, '']","[4265, 'Domestic customers']","[46, 'Carlos Solana']",2026-04-22,False,100.0,0.0,100.0,"[33, 'MXN']",False,False
201,"[67, '']","[4326, 'Sales and/or services taxed at the general rate']","[46, 'Carlos Solana']",2026-04-22,[ANT-01] Anticipo,0.0,100.0,-100.0,"[33, 'MXN']",False,False
202,"[67, '']","[4265, 'Domestic customers']","[46, 'Carlos Solana']",2026-04-22,False,100.0,0.0,100.0,"[33, 'MXN']",False,False
205,"[69, 'PBNK1/2026/00014 (INV/2026/00036)']","[4351, 'BBVA CTA.7934 MX']","[46, 'Carlos Solana']",2026-04-22,Pago manual: INV/2026/00036,100.0,0.0,100.0,"[33, 'MXN']",False,False
206,"[69, 'PBNK1/2026/00014 (INV/2026/00036)']","[4265, 'Domestic customers']","[46, 'Carlos Solana']",2026-04-22,Pago manual: INV/2026/00036,0.0,100.0,-100.0,"[33, 'MXN']",False,True
197,"[65, 'PBNK1/2026/00013 (INV/2026/00035)']","[4351, 'BBVA CTA.7934 MX']","[46, 'Carlos Solana']",2026-04-22,Pago manual: INV/2026/00035,100.0,0.0,100.0,"[33, 'MXN']",False,False
198,"[65, 'PBNK1/2026/00013 (INV/2026/00035)']","[4265, 'Domestic customers']","[46, 'Carlos Solana']",2026-04-22,Pago manual: INV/2026/00035,0.0,100.0,-100.0,"[33, 'MXN']",False,True
213,"[72, 'INV/2026/00039']","[4326, 'Sales and/or services taxed at the general rate']","[46, 'Carlos Solana']",2026-04-22,Servicio en la hoja de horas,0.0,40.0,-40.0,"[33, 'MXN']",False,False
214,"[72, 'INV/2026/00039']","[4265, 'Domestic customers']","[46, 'Carlos Solana']",2026-04-22,INV/2026/00039,0.0,0.0,0.0,"[33, 'MXN']",False,True
215,"[72, 'INV/2026/00039']","[4326, 'Sales and/or services taxed at the general rate']","[46, 'Carlos Solana']",2026-04-22,Aplicación de INV/2026/00030,10.0,0.0,10.0,"[33, 'MXN']",False,False
216,"[72, 'INV/2026/00039']","[4326, 'Sales and/or services taxed at the general rate']","[46, 'Carlos Solana']",2026-04-22,Aplicación de INV/2026/00036,30.0,0.0,30.0,"[33, 'MXN']",False,False
211,"[71, 'INV/2026/00038']","[4326, 'Sales and/or services taxed at the general rate']","[46, 'Carlos Solana']",2026-04-22,[ANT-01] Anticipo,0.0,100.0,-100.0,"[33, 'MXN']",False,False
212,"[71, 'INV/2026/00038']","[4265, 'Domestic customers']","[46, 'Carlos Solana']",2026-04-22,INV/2026/00038,100.0,0.0,100.0,"[33, 'MXN']",False,False
207,"[70, 'INV/2026/00037']","[4326, 'Sales and/or services taxed at the general rate']","[46, 'Carlos Solana']",2026-04-22,Servicio en la hoja de horas,0.0,40.0,-40.0,"[33, 'MXN']",False,False
208,"[70, 'INV/2026/00037']","[4265, 'Domestic customers']","[46, 'Carlos Solana']",2026-04-22,INV/2026/00037,0.0,0.0,0.0,"[33, 'MXN']",False,True
209,"[70, 'INV/2026/00037']","[4326, 'Sales and/or services taxed at the general rate']","[46, 'Carlos Solana']",2026-04-22,Aplicación de INV/2026/00036,10.0,0.0,10.0,"[33, 'MXN']",False,False
210,"[70, 'INV/2026/00037']","[4326, 'Sales and/or services taxed at the general rate']","[46, 'Carlos Solana']",2026-04-22,Aplicación de INV/2026/00031,30.0,0.0,30.0,"[33, 'MXN']",False,False
203,"[68, 'INV/2026/00036']","[4326, 'Sales and/or services taxed at the general rate']","[46, 'Carlos Solana']",2026-04-22,[ANT-01] Anticipo,0.0,100.0,-100.0,"[33, 'MXN']",False,False
204,"[68, 'INV/2026/00036']","[4265, 'Domestic customers']","[46, 'Carlos Solana']",2026-04-22,INV/2026/00036,100.0,0.0,100.0,"[33, 'MXN']",False,True
195,"[64, 'INV/2026/00035']","[4326, 'Sales and/or services taxed at the general rate']","[46, 'Carlos Solana']",2026-04-22,[ANT-01] Anticipo,0.0,100.0,-100.0,"[33, 'MXN']",False,False
196,"[64, 'INV/2026/00035']","[4265, 'Domestic customers']","[46, 'Carlos Solana']",2026-04-22,INV/2026/00035,100.0,0.0,100.0,"[33, 'MXN']",False,True
187,"[62, 'INV/2026/00034']","[4326, 'Sales and/or services taxed at the general rate']","[46, 'Carlos Solana']",2026-04-22,Servicio en la hoja de horas,0.0,40.0,-40.0,"[33, 'MXN']",False,False
188,"[62, 'INV/2026/00034']","[4265, 'Domestic customers']","[46, 'Carlos Solana']",2026-04-22,INV/2026/00034,0.0,0.0,0.0,"[33, 'MXN']",False,True
189,"[62, 'INV/2026/00034']","[4326, 'Sales and/or services taxed at the general rate']","[46, 'Carlos Solana']",2026-04-22,Aplicación de INV/2026/00033,10.0,0.0,10.0,"[33, 'MXN']",False,False
190,"[62, 'INV/2026/00034']","[4326, 'Sales and/or services taxed at the general rate']","[46, 'Carlos Solana']",2026-04-22,Aplicación de INV/2026/00031,10.0,0.0,10.0,"[33, 'MXN']",False,False
191,"[62, 'INV/2026/00034']","[4326, 'Sales and/or services taxed at the general rate']","[46, 'Carlos Solana']",2026-04-22,Aplicación de INV/2026/00030,10.0,0.0,10.0,"[33, 'MXN']",False,False
192,"[62, 'INV/2026/00034']","[4326, 'Sales and/or services taxed at the general rate']","[46, 'Carlos Solana']",2026-04-22,Aplicación de INV/2026/00029,10.0,0.0,10.0,"[33, 'MXN']",False,False
157,"[51, 'RINV/2026/00003 (S00002)']",False,"[5723, 'Aldo Rafael Mendez Carpinteyro']",2026-04-21,Anticipos,0.0,0.0,0.0,"[33, 'MXN']",False,False
158,"[51, 'RINV/2026/00003 (S00002)']","[4326, 'Sales and/or services taxed at the general rate']","[5723, 'Aldo Rafael Mendez Carpinteyro']",2026-04-21,Anticipo (ref: INV/2026/00001 el 14/04/2026),20.0,0.0,20.0,"[33, 'MXN']",False,False
159,"[51, 'RINV/2026/00003 (S00002)']","[4265, 'Domestic customers']","[5723, 'Aldo Rafael Mendez Carpinteyro']",2026-04-21,False,0.0,20.0,-20.0,"[33, 'MXN']",False,False
182,"[61, 'PBNK1/2026/00012 (INV/2026/00033)']","[4351, 'BBVA CTA.7934 MX']","[46, 'Carlos Solana']",2026-04-21,Pago manual: INV/2026/00033,100.0,0.0,100.0,"[33, 'MXN']",False,False
183,"[61, 'PBNK1/2026/00012 (INV/2026/00033)']","[4265, 'Domestic customers']","[46, 'Carlos Solana']",2026-04-21,Pago manual: INV/2026/00033,0.0,100.0,-100.0,"[33, 'MXN']",False,True
176,"[58, 'PBNK1/2026/00011 (INV/2026/00031)']","[4351, 'BBVA CTA.7934 MX']","[46, 'Carlos Solana']",2026-04-21,Pago manual: INV/2026/00031,100.0,0.0,100.0,"[33, 'MXN']",False,False
177,"[58, 'PBNK1/2026/00011 (INV/2026/00031)']","[4265, 'Domestic customers']","[46, 'Carlos Solana']",2026-04-21,Pago manual: INV/2026/00031,0.0,100.0,-100.0,"[33, 'MXN']",False,True
172,"[56, 'PBNK1/2026/00010 (INV/2026/00030)']","[4351, 'BBVA CTA.7934 MX']","[46, 'Carlos Solana']",2026-04-21,Pago manual: INV/2026/00030,100.0,0.0,100.0,"[33, 'MXN']",False,False
173,"[56, 'PBNK1/2026/00010 (INV/2026/00030)']","[4265, 'Domestic customers']","[46, 'Carlos Solana']",2026-04-21,Pago manual: INV/2026/00030,0.0,100.0,-100.0,"[33, 'MXN']",False,True
166,"[54, 'PBNK1/2026/00009 (INV/2026/00029)']","[4351, 'BBVA CTA.7934 MX']","[46, 'Carlos Solana']",2026-04-21,Pago manual: INV/2026/00029,100.0,0.0,100.0,"[33, 'MXN']",False,False
167,"[54, 'PBNK1/2026/00009 (INV/2026/00029)']","[4265, 'Domestic customers']","[46, 'Carlos Solana']",2026-04-21,Pago manual: INV/2026/00029,0.0,100.0,-100.0,"[33, 'MXN']",False,True
180,"[60, 'INV/2026/00033']","[4326, 'Sales and/or services taxed at the general rate']","[46, 'Carlos Solana']",2026-04-21,[ANT-01] Anticipo,0.0,100.0,-100.0,"[33, 'MXN']",False,False
181,"[60, 'INV/2026/00033']","[4265, 'Domestic customers']","[46, 'Carlos Solana']",2026-04-21,INV/2026/00033,100.0,0.0,100.0,"[33, 'MXN']",False,True
178,"[59, 'INV/2026/00032']","[4326, 'Sales and/or services taxed at the general rate']","[46, 'Carlos Solana']",2026-04-21,[ANT-01] Anticipo,0.0,100.0,-100.0,"[33, 'MXN']",False,False
179,"[59, 'INV/2026/00032']","[4265, 'Domestic customers']","[46, 'Carlos Solana']",2026-04-21,INV/2026/00032,100.0,0.0,100.0,"[33, 'MXN']",False,False
174,"[57, 'INV/2026/00031']","[4326, 'Sales and/or services taxed at the general rate']","[46, 'Carlos Solana']",2026-04-21,[ANT-01] Anticipo,0.0,100.0,-100.0,"[33, 'MXN']",False,False
175,"[57, 'INV/2026/00031']","[4265, 'Domestic customers']","[46, 'Carlos Solana']",2026-04-21,INV/2026/00031,100.0,0.0,100.0,"[33, 'MXN']",False,True
170,"[55, 'INV/2026/00030']","[4326, 'Sales and/or services taxed at the general rate']","[46, 'Carlos Solana']",2026-04-21,[ANT-01] Anticipo,0.0,100.0,-100.0,"[33, 'MXN']",False,False
171,"[55, 'INV/2026/00030']","[4265, 'Domestic customers']","[46, 'Carlos Solana']",2026-04-21,INV/2026/00030,100.0,0.0,100.0,"[33, 'MXN']",False,True
164,"[53, 'INV/2026/00029']","[4326, 'Sales and/or services taxed at the general rate']","[46, 'Carlos Solana']",2026-04-21,[ANT-01] Anticipo,0.0,100.0,-100.0,"[33, 'MXN']",False,False
165,"[53, 'INV/2026/00029']","[4265, 'Domestic customers']","[46, 'Carlos Solana']",2026-04-21,INV/2026/00029,100.0,0.0,100.0,"[33, 'MXN']",False,True
115,"[39, 'INV/2026/00028']","[4326, 'Sales and/or services taxed at the general rate']","[46, 'Carlos Solana']",2026-04-21,Servicio en la hoja de horas,0.0,80.0,-80.0,"[33, 'MXN']",False,False
116,"[39, 'INV/2026/00028']","[4265, 'Domestic customers']","[46, 'Carlos Solana']",2026-04-21,INV/2026/00028,15.0,0.0,15.0,"[33, 'MXN']",False,False
117,"[39, 'INV/2026/00028']","[4326, 'Sales and/or services taxed at the general rate']","[46, 'Carlos Solana']",2026-04-21,Aplicación de INV/2026/00016,15.0,0.0,15.0,"[33, 'MXN']",False,False
168,"[39, 'INV/2026/00028']","[4326, 'Sales and/or services taxed at the general rate']","[46, 'Carlos Solana']",2026-04-21,Aplicación de INV/2026/00029,10.0,0.0,10.0,"[33, 'MXN']",False,False
169,"[39, 'INV/2026/00028']","[4326, 'Sales and/or services taxed at the general rate']","[46, 'Carlos Solana']",2026-04-21,Aplicación de INV/2026/00026,10.0,0.0,10.0,"[33, 'MXN']",False,False
184,"[39, 'INV/2026/00028']","[4326, 'Sales and/or services taxed at the general rate']","[46, 'Carlos Solana']",2026-04-21,Aplicación de INV/2026/00030,10.0,0.0,10.0,"[33, 'MXN']",False,False
185,"[39, 'INV/2026/00028']","[4326, 'Sales and/or services taxed at the general rate']","[46, 'Carlos Solana']",2026-04-21,Aplicación de INV/2026/00031,10.0,0.0,10.0,"[33, 'MXN']",False,False
186,"[39, 'INV/2026/00028']","[4326, 'Sales and/or services taxed at the general rate']","[46, 'Carlos Solana']",2026-04-21,Aplicación de INV/2026/00033,10.0,0.0,10.0,"[33, 'MXN']",False,False
162,"[52, 'INV/2026/00027']","[4326, 'Sales and/or services taxed at the general rate']","[46, 'Carlos Solana']",2026-04-21,[ANT-01] Anticipo,0.0,100.0,-100.0,"[33, 'MXN']",False,False
163,"[52, 'INV/2026/00027']","[4265, 'Domestic customers']","[46, 'Carlos Solana']",2026-04-21,INV/2026/00027,100.0,0.0,100.0,"[33, 'MXN']",False,False
133,"[45, 'Borrador de factura']","[4326, 'Sales and/or services taxed at the general rate']","[46, 'Carlos Solana']",2026-04-20,[ANT-01] Anticipo,0.0,100.0,-100.0,"[33, 'MXN']",False,False
134,"[45, 'Borrador de factura']","[4265, 'Domestic customers']","[46, 'Carlos Solana']",2026-04-20,False,100.0,0.0,100.0,"[33, 'MXN']",False,False
135,"[46, 'Borrador de factura']","[4326, 'Sales and/or services taxed at the general rate']","[46, 'Carlos Solana']",2026-04-20,[ANT-01] Anticipo,0.0,100.0,-100.0,"[33, 'MXN']",False,False
136,"[46, 'Borrador de factura']","[4265, 'Domestic customers']","[46, 'Carlos Solana']",2026-04-20,False,100.0,0.0,100.0,"[33, 'MXN']",False,False
147,"[48, 'Borrador de factura']","[4326, 'Sales and/or services taxed at the general rate']","[46, 'Carlos Solana']",2026-04-20,[ANT-01] Anticipo,0.0,120.0,-120.0,"[33, 'MXN']",False,False
148,"[48, 'Borrador de factura']","[4265, 'Domestic customers']","[46, 'Carlos Solana']",2026-04-20,False,120.0,0.0,120.0,"[33, 'MXN']",False,False
85,"[36, 'PBNK1/2026/00008 (INV/2026/00016)']","[4351, 'BBVA CTA.7934 MX']","[46, 'Carlos Solana']",2026-04-20,Pago manual: INV/2026/00016,30.0,0.0,30.0,"[33, 'MXN']",False,False
86,"[36, 'PBNK1/2026/00008 (INV/2026/00016)']","[4265, 'Domestic customers']","[46, 'Carlos Solana']",2026-04-20,Pago manual: INV/2026/00016,0.0,30.0,-30.0,"[33, 'MXN']",False,True
154,"[50, 'INV/2026/00026']","[4326, 'Sales and/or services taxed at the general rate']","[46, 'Carlos Solana']",2026-04-20,[ANT-01] Anticipo,0.0,0.0,0.0,"[33, 'MXN']",False,False
155,"[50, 'INV/2026/00026']","[4265, 'Domestic customers']","[46, 'Carlos Solana']",2026-04-20,INV/2026/00026,0.0,0.0,0.0,"[33, 'MXN']",False,True
149,"[49, 'INV/2026/00025']","[4326, 'Sales and/or services taxed at the general rate']","[46, 'Carlos Solana']",2026-04-20,[ANT-01] Anticipo,0.0,0.0,0.0,"[33, 'MXN']",False,False
150,"[49, 'INV/2026/00025']","[4265, 'Domestic customers']","[46, 'Carlos Solana']",2026-04-20,INV/2026/00025,0.0,0.0,0.0,"[33, 'MXN']",False,True
137,"[47, 'INV/2026/00024']","[4326, 'Sales and/or services taxed at the general rate']","[46, 'Carlos Solana']",2026-04-20,[ANT-01] Anticipo,0.0,100.0,-100.0,"[33, 'MXN']",False,False
138,"[47, 'INV/2026/00024']","[4265, 'Domestic customers']","[46, 'Carlos Solana']",2026-04-20,INV/2026/00024,100.0,0.0,100.0,"[33, 'MXN']",False,False
131,"[44, 'INV/2026/00023']","[4326, 'Sales and/or services taxed at the general rate']","[46, 'Carlos Solana']",2026-04-20,[ANT-01] Anticipo,0.0,100.0,-100.0,"[33, 'MXN']",False,False
132,"[44, 'INV/2026/00023']","[4265, 'Domestic customers']","[46, 'Carlos Solana']",2026-04-20,INV/2026/00023,100.0,0.0,100.0,"[33, 'MXN']",False,False
129,"[43, 'INV/2026/00022']","[4326, 'Sales and/or services taxed at the general rate']","[46, 'Carlos Solana']",2026-04-20,[ANT-01] Anticipo,0.0,100.0,-100.0,"[33, 'MXN']",False,False
130,"[43, 'INV/2026/00022']","[4265, 'Domestic customers']","[46, 'Carlos Solana']",2026-04-20,INV/2026/00022,100.0,0.0,100.0,"[33, 'MXN']",False,False
152,"[40, 'Borrador de factura INV/2026/00021']","[4265, 'Domestic customers']","[46, 'Carlos Solana']",2026-04-20,INV/2026/00021,10.0,0.0,10.0,"[33, 'MXN']",False,False
153,"[40, 'Borrador de factura INV/2026/00021']","[4326, 'Sales and/or services taxed at the general rate']","[46, 'Carlos Solana']",2026-04-20,Servicio en la hoja de horas,0.0,40.0,-40.0,"[33, 'MXN']",False,False
156,"[40, 'Borrador de factura INV/2026/00021']","[4326, 'Sales and/or services taxed at the general rate']","[46, 'Carlos Solana']",2026-04-20,Aplicación de INV/2026/00026,30.0,0.0,30.0,"[33, 'MXN']",False,False
125,"[42, 'INV/2026/00020']","[4326, 'Sales and/or services taxed at the general rate']","[46, 'Carlos Solana']",2026-04-20,[ANT-01] Anticipo,0.0,60.0,-60.0,"[33, 'MXN']",False,False
126,"[42, 'INV/2026/00020']","[4265, 'Domestic customers']","[46, 'Carlos Solana']",2026-04-20,INV/2026/00020,60.0,0.0,60.0,"[33, 'MXN']",False,False
121,"[41, 'INV/2026/00019']","[4326, 'Sales and/or services taxed at the general rate']","[46, 'Carlos Solana']",2026-04-20,[ANT-01] Anticipo,0.0,30.0,-30.0,"[33, 'MXN']",False,False
122,"[41, 'INV/2026/00019']","[4265, 'Domestic customers']","[46, 'Carlos Solana']",2026-04-20,INV/2026/00019,30.0,0.0,30.0,"[33, 'MXN']",False,False
110,"[38, 'INV/2026/00018']","[4326, 'Sales and/or services taxed at the general rate']","[46, 'Carlos Solana']",2026-04-20,Servicio en la hoja de horas,0.0,80.0,-80.0,"[33, 'MXN']",False,False
111,"[38, 'INV/2026/00018']","[4265, 'Domestic customers']","[46, 'Carlos Solana']",2026-04-20,INV/2026/00018,65.0,0.0,65.0,"[33, 'MXN']",False,False
113,"[38, 'INV/2026/00018']","[4326, 'Sales and/or services taxed at the general rate']","[46, 'Carlos Solana']",2026-04-20,Aplicación de INV/2026/00016,15.0,0.0,15.0,"[33, 'MXN']",False,False
87,"[37, 'INV/2026/00017']","[4326, 'Sales and/or services taxed at the general rate']","[46, 'Carlos Solana']",2026-04-20,Servicio en la hoja de horas,0.0,80.0,-80.0,"[33, 'MXN']",False,False
88,"[37, 'INV/2026/00017']","[4265, 'Domestic customers']","[46, 'Carlos Solana']",2026-04-20,INV/2026/00017,75.0,0.0,75.0,"[33, 'MXN']",False,False
108,"[37, 'INV/2026/00017']","[4326, 'Sales and/or services taxed at the general rate']","[46, 'Carlos Solana']",2026-04-20,Aplicación de INV/2026/00016,5.0,0.0,5.0,"[33, 'MXN']",False,False
83,"[35, 'INV/2026/00016']","[4326, 'Sales and/or services taxed at the general rate']","[46, 'Carlos Solana']",2026-04-20,[ANT-01] Anticipo,0.0,30.0,-30.0,"[33, 'MXN']",False,False
84,"[35, 'INV/2026/00016']","[4265, 'Domestic customers']","[46, 'Carlos Solana']",2026-04-20,INV/2026/00016,30.0,0.0,30.0,"[33, 'MXN']",False,True
81,"[34, 'INV/2026/00015']","[4326, 'Sales and/or services taxed at the general rate']","[46, 'Carlos Solana']",2026-04-20,[ANT-01] Anticipo,0.0,30.0,-30.0,"[33, 'MXN']",False,False
82,"[34, 'INV/2026/00015']","[4265, 'Domestic customers']","[46, 'Carlos Solana']",2026-04-20,INV/2026/00015,30.0,0.0,30.0,"[33, 'MXN']",False,False
79,"[33, 'INV/2026/00014']","[4326, 'Sales and/or services taxed at the general rate']","[46, 'Carlos Solana']",2026-04-20,[ANT-01] Anticipo,0.0,0.0,0.0,"[33, 'MXN']",False,False
80,"[33, 'INV/2026/00014']","[4265, 'Domestic customers']","[46, 'Carlos Solana']",2026-04-20,INV/2026/00014,0.0,0.0,0.0,"[33, 'MXN']",False,True
75,"[32, 'INV/2026/00013']","[4326, 'Sales and/or services taxed at the general rate']","[46, 'Carlos Solana']",2026-04-20,[ANT-01] Anticipo,0.0,30.0,-30.0,"[33, 'MXN']",False,False
76,"[32, 'INV/2026/00013']","[4265, 'Domestic customers']","[46, 'Carlos Solana']",2026-04-20,INV/2026/00013,30.0,0.0,30.0,"[33, 'MXN']",False,False
71,"[31, 'INV/2026/00012']","[4326, 'Sales and/or services taxed at the general rate']","[46, 'Carlos Solana']",2026-04-20,[ANT-01] Anticipo,0.0,30.0,-30.0,"[33, 'MXN']",False,False
72,"[31, 'INV/2026/00012']","[4265, 'Domestic customers']","[46, 'Carlos Solana']",2026-04-20,INV/2026/00012,30.0,0.0,30.0,"[33, 'MXN']",False,False
67,"[29, 'INV/2026/00011']","[4326, 'Sales and/or services taxed at the general rate']","[46, 'Carlos Solana']",2026-04-20,Anticipo,0.0,20.0,-20.0,"[33, 'MXN']",False,False
68,"[29, 'INV/2026/00011']","[4265, 'Domestic customers']","[46, 'Carlos Solana']",2026-04-20,INV/2026/00011,20.0,0.0,20.0,"[33, 'MXN']",False,False
57,"[25, 'Borrador de factura']","[4326, 'Sales and/or services taxed at the general rate']","[46, 'Carlos Solana']",2026-04-19,Servicio en la hoja de horas,0.0,40.0,-40.0,"[33, 'MXN']",False,False
58,"[25, 'Borrador de factura']","[4265, 'Domestic customers']","[46, 'Carlos Solana']",2026-04-19,False,15.0,0.0,15.0,"[33, 'MXN']",False,False
59,"[25, 'Borrador de factura']","[4326, 'Sales and/or services taxed at the general rate']","[46, 'Carlos Solana']",2026-04-19,Aplicación de INV/2026/00007,10.0,0.0,10.0,"[33, 'MXN']",False,False
60,"[25, 'Borrador de factura']","[4326, 'Sales and/or services taxed at the general rate']","[46, 'Carlos Solana']",2026-04-19,Aplicación de INV/2026/00008,15.0,0.0,15.0,"[33, 'MXN']",False,False
63,"[27, 'PBNK1/2026/00007 (INV/2026/00009)']","[4351, 'BBVA CTA.7934 MX']","[46, 'Carlos Solana']",2026-04-19,Pago manual: INV/2026/00009,20.0,0.0,20.0,"[33, 'MXN']",False,False
64,"[27, 'PBNK1/2026/00007 (INV/2026/00009)']","[4265, 'Domestic customers']","[46, 'Carlos Solana']",2026-04-19,Pago manual: INV/2026/00009,0.0,20.0,-20.0,"[33, 'MXN']",False,False
65,"[28, 'INV/2026/00010']","[4326, 'Sales and/or services taxed at the general rate']","[63, 'Alexis Huey Rosas']",2026-04-19,Anticipo de 55.00%,0.0,22.0,-22.0,"[33, 'MXN']",False,False
66,"[28, 'INV/2026/00010']","[4265, 'Domestic customers']","[63, 'Alexis Huey Rosas']",2026-04-19,INV/2026/00010,22.0,0.0,22.0,"[33, 'MXN']",False,False
91,"[26, 'INV/2026/00009']","[4326, 'Sales and/or services taxed at the general rate']","[46, 'Carlos Solana']",2026-04-19,[ANT-01] Anticipo,0.0,60.0,-60.0,"[33, 'MXN']",False,False
92,"[26, 'INV/2026/00009']","[4265, 'Domestic customers']","[46, 'Carlos Solana']",2026-04-19,INV/2026/00009,60.0,0.0,60.0,"[33, 'MXN']",False,False
55,"[24, 'PBNK1/2026/00006 (INV/2026/00006)']","[4351, 'BBVA CTA.7934 MX']","[46, 'Carlos Solana']",2026-04-16,Pago manual: INV/2026/00006,15.0,0.0,15.0,"[33, 'MXN']",False,False
56,"[24, 'PBNK1/2026/00006 (INV/2026/00006)']","[4265, 'Domestic customers']","[46, 'Carlos Solana']",2026-04-16,Pago manual: INV/2026/00006,0.0,15.0,-15.0,"[33, 'MXN']",False,True
52,"[23, 'INV/2026/00008']","[4326, 'Sales and/or services taxed at the general rate']","[46, 'Carlos Solana']",2026-04-16,Anticipo,0.0,20.0,-20.0,"[33, 'MXN']",False,False
53,"[23, 'INV/2026/00008']","[4265, 'Domestic customers']","[46, 'Carlos Solana']",2026-04-16,INV/2026/00008,20.0,0.0,20.0,"[33, 'MXN']",False,False
36,"[17, 'RINV/2026/00002 (S00004)']",False,"[63, 'Alexis Huey Rosas']",2026-04-15,Anticipos,0.0,0.0,0.0,"[33, 'MXN']",False,False
37,"[17, 'RINV/2026/00002 (S00004)']","[4326, 'Sales and/or services taxed at the general rate']","[63, 'Alexis Huey Rosas']",2026-04-15,Anticipo (ref: INV/2026/00004 el 15/04/2026),36.0,0.0,36.0,"[33, 'MXN']",False,False
38,"[17, 'RINV/2026/00002 (S00004)']","[4326, 'Sales and/or services taxed at the general rate']","[63, 'Alexis Huey Rosas']",2026-04-15,Anticipo (ref: INV/2026/00005 el 15/04/2026),22.0,0.0,22.0,"[33, 'MXN']",False,False
39,"[17, 'RINV/2026/00002 (S00004)']","[4265, 'Domestic customers']","[63, 'Alexis Huey Rosas']",2026-04-15,False,0.0,58.0,-58.0,"[33, 'MXN']",False,False
24,"[12, 'RINV/2026/00001 (S00003)']",False,"[66, 'Alejandra Sierra Gonzalez']",2026-04-15,Anticipos,0.0,0.0,0.0,"[33, 'MXN']",False,False
25,"[12, 'RINV/2026/00001 (S00003)']","[4326, 'Sales and/or services taxed at the general rate']","[66, 'Alejandra Sierra Gonzalez']",2026-04-15,Anticipo (ref: INV/2026/00002 el 15/04/2026),16.0,0.0,16.0,"[33, 'MXN']",False,False
26,"[12, 'RINV/2026/00001 (S00003)']","[4326, 'Sales and/or services taxed at the general rate']","[66, 'Alejandra Sierra Gonzalez']",2026-04-15,Anticipo (ref: INV/2026/00003 el 15/04/2026),24.0,0.0,24.0,"[33, 'MXN']",False,False
27,"[12, 'RINV/2026/00001 (S00003)']","[4265, 'Domestic customers']","[66, 'Alejandra Sierra Gonzalez']",2026-04-15,False,0.0,40.0,-40.0,"[33, 'MXN']",False,False
34,"[16, 'PBNK1/2026/00005 (INV/2026/00005)']","[4351, 'BBVA CTA.7934 MX']","[63, 'Alexis Huey Rosas']",2026-04-15,Pago manual: INV/2026/00005,22.0,0.0,22.0,"[33, 'MXN']",False,False
35,"[16, 'PBNK1/2026/00005 (INV/2026/00005)']","[4265, 'Domestic customers']","[63, 'Alexis Huey Rosas']",2026-04-15,Pago manual: INV/2026/00005,0.0,22.0,-22.0,"[33, 'MXN']",False,True
30,"[14, 'PBNK1/2026/00004 (INV/2026/00004)']","[4351, 'BBVA CTA.7934 MX']","[63, 'Alexis Huey Rosas']",2026-04-15,Pago manual: INV/2026/00004,36.0,0.0,36.0,"[33, 'MXN']",False,False
31,"[14, 'PBNK1/2026/00004 (INV/2026/00004)']","[4265, 'Domestic customers']","[63, 'Alexis Huey Rosas']",2026-04-15,Pago manual: INV/2026/00004,0.0,36.0,-36.0,"[33, 'MXN']",False,True
22,"[11, 'PBNK1/2026/00003 (INV/2026/00002)']","[4351, 'BBVA CTA.7934 MX']","[66, 'Alejandra Sierra Gonzalez']",2026-04-15,Pago manual: INV/2026/00002,16.0,0.0,16.0,"[33, 'MXN']",False,False
23,"[11, 'PBNK1/2026/00003 (INV/2026/00002)']","[4265, 'Domestic customers']","[66, 'Alejandra Sierra Gonzalez']",2026-04-15,Pago manual: INV/2026/00002,0.0,16.0,-16.0,"[33, 'MXN']",False,True
20,"[10, 'PBNK1/2026/00002 (INV/2026/00003)']","[4351, 'BBVA CTA.7934 MX']","[66, 'Alejandra Sierra Gonzalez']",2026-04-15,Pago manual: INV/2026/00003,24.0,0.0,24.0,"[33, 'MXN']",False,False
21,"[10, 'PBNK1/2026/00002 (INV/2026/00003)']","[4265, 'Domestic customers']","[66, 'Alejandra Sierra Gonzalez']",2026-04-15,Pago manual: INV/2026/00003,0.0,24.0,-24.0,"[33, 'MXN']",False,True
49,"[22, 'INV/2026/00007']","[4326, 'Sales and/or services taxed at the general rate']","[46, 'Carlos Solana']",2026-04-15,Anticipo,0.0,10.0,-10.0,"[33, 'MXN']",False,False
50,"[22, 'INV/2026/00007']","[4265, 'Domestic customers']","[46, 'Carlos Solana']",2026-04-15,INV/2026/00007,10.0,0.0,10.0,"[33, 'MXN']",False,False
40,"[18, 'INV/2026/00006']","[4326, 'Sales and/or services taxed at the general rate']","[46, 'Carlos Solana']",2026-04-15,Servicio en la hoja de horas,0.0,40.0,-40.0,"[33, 'MXN']",False,False
41,"[18, 'INV/2026/00006']","[4265, 'Domestic customers']","[46, 'Carlos Solana']",2026-04-15,INV/2026/00006,15.0,0.0,15.0,"[33, 'MXN']",False,True
51,"[18, 'INV/2026/00006']","[4326, 'Sales and/or services taxed at the general rate']","[46, 'Carlos Solana']",2026-04-15,Aplicación de INV/2026/00007,10.0,0.0,10.0,"[33, 'MXN']",False,False
54,"[18, 'INV/2026/00006']","[4326, 'Sales and/or services taxed at the general rate']","[46, 'Carlos Solana']",2026-04-15,Aplicación de INV/2026/00008,15.0,0.0,15.0,"[33, 'MXN']",False,False
32,"[15, 'INV/2026/00005 (S00004)']","[4326, 'Sales and/or services taxed at the general rate']","[63, 'Alexis Huey Rosas']",2026-04-15,Anticipo de 55.00%,0.0,22.0,-22.0,"[33, 'MXN']",False,False
33,"[15, 'INV/2026/00005 (S00004)']","[4265, 'Domestic customers']","[63, 'Alexis Huey Rosas']",2026-04-15,S00004 - INV/2026/00005,22.0,0.0,22.0,"[33, 'MXN']",False,True
28,"[13, 'INV/2026/00004 (S00004)']","[4326, 'Sales and/or services taxed at the general rate']","[63, 'Alexis Huey Rosas']",2026-04-15,Anticipo de 90.00%,0.0,36.0,-36.0,"[33, 'MXN']",False,False
29,"[13, 'INV/2026/00004 (S00004)']","[4265, 'Domestic customers']","[63, 'Alexis Huey Rosas']",2026-04-15,S00004 - INV/2026/00004,36.0,0.0,36.0,"[33, 'MXN']",False,True
18,"[9, 'INV/2026/00003 (S00003)']","[4326, 'Sales and/or services taxed at the general rate']","[66, 'Alejandra Sierra Gonzalez']",2026-04-15,Anticipo de 60.00%,0.0,24.0,-24.0,"[33, 'MXN']",False,False
19,"[9, 'INV/2026/00003 (S00003)']","[4265, 'Domestic customers']","[66, 'Alejandra Sierra Gonzalez']",2026-04-15,S00003 - INV/2026/00003,24.0,0.0,24.0,"[33, 'MXN']",False,True
16,"[8, 'INV/2026/00002 (S00003)']","[4326, 'Sales and/or services taxed at the general rate']","[66, 'Alejandra Sierra Gonzalez']",2026-04-15,Anticipo de 40.00%,0.0,16.0,-16.0,"[33, 'MXN']",False,False
17,"[8, 'INV/2026/00002 (S00003)']","[4265, 'Domestic customers']","[66, 'Alejandra Sierra Gonzalez']",2026-04-15,S00003 - INV/2026/00002,16.0,0.0,16.0,"[33, 'MXN']",False,True
14,"[7, 'PBNK1/2026/00001 (INV/2026/00001)']","[4351, 'BBVA CTA.7934 MX']","[5723, 'Aldo Rafael Mendez Carpinteyro']",2026-04-14,Pago manual: INV/2026/00001,20.0,0.0,20.0,"[33, 'MXN']",False,False
15,"[7, 'PBNK1/2026/00001 (INV/2026/00001)']","[4265, 'Domestic customers']","[5723, 'Aldo Rafael Mendez Carpinteyro']",2026-04-14,Pago manual: INV/2026/00001,0.0,20.0,-20.0,"[33, 'MXN']",False,True
12,"[6, 'INV/2026/00001 (S00002)']","[4326, 'Sales and/or services taxed at the general rate']","[5723, 'Aldo Rafael Mendez Carpinteyro']",2026-04-14,Anticipo de 50.00%,0.0,20.0,-20.0,"[33, 'MXN']",False,False
13,"[6, 'INV/2026/00001 (S00002)']","[4265, 'Domestic customers']","[5723, 'Aldo Rafael Mendez Carpinteyro']",2026-04-14,S00002 - INV/2026/00001,20.0,0.0,20.0,"[33, 'MXN']",False,True
9,"[5, 'Borrador de factura (S00001)']","[112, '401.01.01 VENTAS TRANSFORMACION']","[5571, 'Abel Cruz Rojas']",2026-04-08,"VERACRUZ CC STD SIN ACABADO (PROPIO, 60X120/150, 1.6)",0.0,21.0,-21.0,"[33, 'MXN']",False,False
10,"[5, 'Borrador de factura (S00001)']","[89, '209.01.01 IVA POR COBRAR']","[5571, 'Abel Cruz Rojas']",2026-04-08,16%,0.0,3.36,-3.36,"[33, 'MXN']",False,False
11,"[5, 'Borrador de factura (S00001)']","[51, '105.01.01 XDIFICA, SA DE CV']","[5571, 'Abel Cruz Rojas']",2026-04-08,False,24.36,0.0,24.36,"[33, 'MXN']",False,False
633,"[210, 'MISCE/2026/02/0001 (TRASPASO ENTRE CUENTAS)']","[3696, '102.01.06 BBVA CTA.3701 MX']",False,2026-02-15,TRASPASO,15000.0,0.0,15000.0,"[33, 'MXN']",False,False
634,"[210, 'MISCE/2026/02/0001 (TRASPASO ENTRE CUENTAS)']","[135, '102.01.01 BBVA CTA.7934 MX']",False,2026-02-15,TRASPASO,0.0,15000.0,-15000.0,"[33, 'MXN']",False,False
629,"[209, 'MISCE/2026/01/0001 (SALDOS INICIALES)']","[135, '102.01.01 BBVA CTA.7934 MX']",False,2026-01-01,INICIAL,1000000.0,0.0,1000000.0,"[33, 'MXN']",False,False
630,"[209, 'MISCE/2026/01/0001 (SALDOS INICIALES)']","[3696, '102.01.06 BBVA CTA.3701 MX']",False,2026-01-01,INICIAL,60000.0,0.0,60000.0,"[33, 'MXN']",False,False
631,"[209, 'MISCE/2026/01/0001 (SALDOS INICIALES)']","[3697, '102.01.07 BBVA CTA.8676 MX']",False,2026-01-01,INICIAL,25000.0,0.0,25000.0,"[33, 'MXN']",False,False
632,"[209, 'MISCE/2026/01/0001 (SALDOS INICIALES)']","[9709, '3001.02.04 CAPITAL SOCIAL VARIABLE POR APORTACION']",False,2026-01-01,INICIAL,0.0,1085000.0,-1085000.0,"[33, 'MXN']",False,False
7,"[4, 'Borrador de factura']","[130, '601.84.01 Otros gastos generales']",False,2025-11-28,False,0.0,0.0,0.0,"[33, 'MXN']",False,False
8,"[4, 'Borrador de factura']","[80, '201.01.01 REFACCIONARIA INDUSTRIAL LAMUÑO HNOS. SA DE CV']",False,2025-11-28,False,0.0,0.0,0.0,"[33, 'MXN']",False,True
