id,code_prefix_start,code_prefix_end,name,parent_id
3830,1,1,Activos,False
5008,100.01,100.01,Activo a corto plazo,False
3831,100.01,100.01,Activo a corto plazo,"[3830, '1 Activos']"
3832,100.02,100.02,Activo a largo plazo,"[3830, '1 Activos']"
5009,1001.01,1001.01,Caja Transformacion,False
5109,1001.02,1001.02,CAJA CHICA JAVIER,False
5010,1002.02,1002.02,Caja Extraccion,False
5011,1005.01,1005.01,Clientes Nacionales Transformacion,False
5012,1005.03,1005.03,Clientes Nacionales Extraccion,False
5013,1005.04,1005.04,Clientes Exportación Extraccion,False
5014,1006,1006,Estimación cuentas incobrables,False
5015,1007.01,1007.01,Deudores diversos Transformación,False
5016,1007.02,1007.02,Deudores diversos Extraccion,False
5017,1009.01,1009.01,Inventarios Transformación TMM,False
5018,1009.02,1009.02,Inventarios Transformación CMP,False
5019,1009.03,1009.03,Inventarios Extracción,False
5020,1009.04,1009.04,Inventarios Comercialización,False
5021,1009.05,1009.05,Inventarios Transformación Xalapa,False
3833,101,101,Caja,"[3830, '1 Activos']"
3834,101.01,101.01,Caja y efectivo,"[3833, '101 Caja']"
5022,1012.01,1012.01,Anticipo proveedores Transformación Nacional,False
5023,1012.02,1012.02,Anticipo proveedores Transformación Extranjeros,False
5024,1012.03,1012.03,Anticipo proveedores Extracción Nacional,False
5025,1012.04,1012.04,Anticipo proveedores Extracción Extranjeros,False
5026,1012.05,1012.05,Anticipo Activo fijo,False
5027,1013.01,1013.01,Almacen compras Transformación,False
3835,102,102,Banco,"[3830, '1 Activos']"
3836,102.01,102.01,Bancos nacionales,"[3835, '102 Banco']"
3837,102.02,102.02,Bancos extranjeros,"[3835, '102 Banco']"
3838,103,103,Inversiones,"[3830, '1 Activos']"
3839,103.01,103.01,Inversiones temporales,"[3838, '103 Inversiones']"
3840,103.02,103.02,Inversiones en fideicomisos,"[3838, '103 Inversiones']"
3841,103.03,103.03,Otras inversiones,"[3838, '103 Inversiones']"
3842,104,104,Otros instrumentos financieros,"[3830, '1 Activos']"
3843,104.01,104.01,Otros instrumentos financieros,"[3842, '104 Otros instrumentos financieros']"
3844,105,105,Clientes,"[3830, '1 Activos']"
3845,105.01,105.01,Clientes nacionales,"[3844, '105 Clientes']"
3846,105.02,105.02,Clientes extranjeros,"[3844, '105 Clientes']"
3847,105.03,105.03,Clientes nacionales parte relacionada,"[3844, '105 Clientes']"
3848,105.04,105.04,Clientes extranjeros parte relacionada,"[3844, '105 Clientes']"
3849,106,106,Cuentas y documentos por cobrar a corto plazo,"[3830, '1 Activos']"
3850,106.01,106.01,Cuentas y documentos por cobrar a corto plazo nacional,"[3849, '106 Cuentas y documentos por cobrar a corto plazo']"
3851,106.02,106.02,Cuentas y documentos por cobrar a corto plazo extranjero,"[3849, '106 Cuentas y documentos por cobrar a corto plazo']"
3852,106.03,106.03,Cuentas y documentos por cobrar a corto plazo nacional parte relacionada,"[3849, '106 Cuentas y documentos por cobrar a corto plazo']"
3853,106.04,106.04,Cuentas y documentos por cobrar a corto plazo extranjero parte relacionada,"[3849, '106 Cuentas y documentos por cobrar a corto plazo']"
3854,106.05,106.05,Intereses por cobrar a corto plazo nacional,"[3849, '106 Cuentas y documentos por cobrar a corto plazo']"
3855,106.06,106.06,Intereses por cobrar a corto plazo extranjero,"[3849, '106 Cuentas y documentos por cobrar a corto plazo']"
3856,106.07,106.07,Intereses por cobrar a corto plazo nacional parte relacionada,"[3849, '106 Cuentas y documentos por cobrar a corto plazo']"
3857,106.08,106.08,Intereses por cobrar a corto plazo extranjero parte relacionada,"[3849, '106 Cuentas y documentos por cobrar a corto plazo']"
3858,106.09,106.09,Otras cuentas y documentos por cobrar a corto plazo,"[3849, '106 Cuentas y documentos por cobrar a corto plazo']"
3859,106.10,106.10,Otras cuentas y documentos por cobrar a corto plazo parte relacionada,"[3849, '106 Cuentas y documentos por cobrar a corto plazo']"
3860,107,107,Deudores diversos,"[3830, '1 Activos']"
3861,107.01,107.01,Funcionarios y empleados,"[3860, '107 Deudores diversos']"
3862,107.02,107.02,Socios y accionistas,"[3860, '107 Deudores diversos']"
3863,107.03,107.03,Partes relacionadas nacionales,"[3860, '107 Deudores diversos']"
3864,107.04,107.04,Partes relacionadas extranjeros,"[3860, '107 Deudores diversos']"
3865,107.05,107.05,Otros deudores diversos,"[3860, '107 Deudores diversos']"
3866,108,108,Estimación de cuentas incobrables,"[3830, '1 Activos']"
3867,108.01,108.01,Estimación de cuentas incobrables nacional,"[3866, '108 Estimación de cuentas incobrables']"
3868,108.02,108.02,Estimación de cuentas incobrables extranjero,"[3866, '108 Estimación de cuentas incobrables']"
3869,108.03,108.03,Estimación de cuentas incobrables nacional parte relacionada,"[3866, '108 Estimación de cuentas incobrables']"
3870,108.04,108.04,Estimación de cuentas incobrables extranjero parte relacionada,"[3866, '108 Estimación de cuentas incobrables']"
3871,109,109,Pagos anticipados,"[3830, '1 Activos']"
3872,109.01,109.01,Seguros y fianzas pagados por anticipado nacional,"[3871, '109 Pagos anticipados']"
3873,109.02,109.02,Seguros y fianzas pagados por anticipado extranjero,"[3871, '109 Pagos anticipados']"
3874,109.03,109.03,Seguros y fianzas pagados por anticipado nacional parte relacionada,"[3871, '109 Pagos anticipados']"
3875,109.04,109.04,Seguros y fianzas pagados por anticipado extranjero parte relacionada,"[3871, '109 Pagos anticipados']"
3876,109.05,109.05,Rentas pagados por anticipado nacional,"[3871, '109 Pagos anticipados']"
3877,109.06,109.06,Rentas pagados por anticipado extranjero,"[3871, '109 Pagos anticipados']"
3878,109.07,109.07,Rentas pagados por anticipado nacional parte relacionada,"[3871, '109 Pagos anticipados']"
3879,109.08,109.08,Rentas pagados por anticipado extranjero parte relacionada,"[3871, '109 Pagos anticipados']"
3880,109.09,109.09,Intereses pagados por anticipado nacional,"[3871, '109 Pagos anticipados']"
3881,109.10,109.10,Intereses pagados por anticipado extranjero,"[3871, '109 Pagos anticipados']"
3882,109.11,109.11,Intereses pagados por anticipado nacional parte relacionada,"[3871, '109 Pagos anticipados']"
3883,109.12,109.12,Intereses pagados por anticipado extranjero parte relacionada,"[3871, '109 Pagos anticipados']"
3884,109.13,109.13,Factoraje financiero pagados por anticipado nacional,"[3871, '109 Pagos anticipados']"
3885,109.14,109.14,Factoraje financiero pagados por anticipado extranjero,"[3871, '109 Pagos anticipados']"
3886,109.15,109.15,Factoraje financiero pagados por anticipado nacional parte relacionada,"[3871, '109 Pagos anticipados']"
3887,109.16,109.16,Factoraje financiero pagados por anticipado extranjero parte relacionada,"[3871, '109 Pagos anticipados']"
3888,109.17,109.17,Arrendamiento financiero pagados por anticipado nacional,"[3871, '109 Pagos anticipados']"
3889,109.18,109.18,Arrendamiento financiero pagados por anticipado extranjero,"[3871, '109 Pagos anticipados']"
3890,109.19,109.19,Arrendamiento financiero pagados por anticipado nacional parte relacionada,"[3871, '109 Pagos anticipados']"
3891,109.20,109.20,Arrendamiento financiero pagados por anticipado extranjero parte relacionada,"[3871, '109 Pagos anticipados']"
3892,109.21,109.21,Pérdida por deterioro de pagos anticipados,"[3871, '109 Pagos anticipados']"
3893,109.22,109.22,Derechos fiduciarios,"[3871, '109 Pagos anticipados']"
3894,109.23,109.23,Otros pagos anticipados,"[3871, '109 Pagos anticipados']"
3895,110,110,Subsidio al empleo por aplicar,"[3830, '1 Activos']"
3896,110.01,110.01,Subsidio al empleo por aplicar,"[3895, '110 Subsidio al empleo por aplicar']"
3897,111,111,Crédito al diesel por acreditar,"[3830, '1 Activos']"
3898,111.01,111.01,Crédito al diesel por acreditar,"[3897, '111 Crédito al diesel por acreditar']"
3899,112,112,Otros estímulos,"[3830, '1 Activos']"
3900,112.01,112.01,Otros estímulos,"[3899, '112 Otros estímulos']"
3901,113,113,Impuestos a favor,"[3830, '1 Activos']"
3902,113.01,113.01,IVA a favor,"[3901, '113 Impuestos a favor']"
3903,113.02,113.02,ISR a favor,"[3901, '113 Impuestos a favor']"
3904,113.03,113.03,IETU a favor,"[3901, '113 Impuestos a favor']"
3905,113.04,113.04,IDE a favor,"[3901, '113 Impuestos a favor']"
3906,113.05,113.05,IA a favor,"[3901, '113 Impuestos a favor']"
3907,113.06,113.06,Subsidio al empleo,"[3901, '113 Impuestos a favor']"
3908,113.07,113.07,Pago de lo indebido,"[3901, '113 Impuestos a favor']"
3909,113.08,113.08,Otros impuestos a favor,"[3901, '113 Impuestos a favor']"
3910,114,114,Pagos provisionales,"[3830, '1 Activos']"
3911,114.01,114.01,Pagos provisionales de ISR,"[3910, '114 Pagos provisionales']"
3912,115,115,Inventario,"[3830, '1 Activos']"
3913,115.01,115.01,Inventario,"[3912, '115 Inventario']"
3914,115.02,115.02,Materia prima y materiales,"[3912, '115 Inventario']"
3915,115.03,115.03,Producción en proceso,"[3912, '115 Inventario']"
3916,115.04,115.04,Productos terminados,"[3912, '115 Inventario']"
3917,115.05,115.05,Mercancías en tránsito,"[3912, '115 Inventario']"
3918,115.06,115.06,Mercancías en poder de terceros,"[3912, '115 Inventario']"
3919,115.07,115.07,Otros,"[3912, '115 Inventario']"
3920,116,116,Estimación de inventarios obsoletos y de lento movimiento,"[3830, '1 Activos']"
3921,116.01,116.01,Estimación de inventarios obsoletos y de lento movimiento,"[3920, '116 Estimación de inventarios obsoletos y de lento movimiento']"
3922,117,117,Obras en proceso de inmuebles,"[3830, '1 Activos']"
3923,117.01,117.01,Obras en proceso de inmuebles,"[3922, '117 Obras en proceso de inmuebles']"
3924,118,118,Impuestos acreditables pagados,"[3830, '1 Activos']"
3925,118.01,118.01,IVA acreditable pagado,"[3924, '118 Impuestos acreditables pagados']"
3926,118.02,118.02,IVA acreditable de importación pagado,"[3924, '118 Impuestos acreditables pagados']"
3927,118.03,118.03,IEPS acreditable pagado,"[3924, '118 Impuestos acreditables pagados']"
3928,118.04,118.04,IEPS pagado en importación,"[3924, '118 Impuestos acreditables pagados']"
3929,119,119,Impuestos acreditables por pagar,"[3830, '1 Activos']"
3930,119.01,119.01,IVA pendiente de pago,"[3929, '119 Impuestos acreditables por pagar']"
3931,119.02,119.02,IVA de importación pendiente de pago,"[3929, '119 Impuestos acreditables por pagar']"
3932,119.03,119.03,IEPS pendiente de pago,"[3929, '119 Impuestos acreditables por pagar']"
3933,119.04,119.04,IEPS pendiente de pago en importación,"[3929, '119 Impuestos acreditables por pagar']"
3934,120,120,Anticipo a proveedores,"[3830, '1 Activos']"
3935,120.01,120.01,Anticipo a proveedores nacional,"[3934, '120 Anticipo a proveedores']"
3936,120.02,120.02,Anticipo a proveedores extranjero,"[3934, '120 Anticipo a proveedores']"
3937,120.03,120.03,Anticipo a proveedores nacional parte relacionada,"[3934, '120 Anticipo a proveedores']"
3938,120.04,120.04,Anticipo a proveedores extranjero parte relacionada,"[3934, '120 Anticipo a proveedores']"
5028,1200.01,1200.01,Activo Fijo Transformación,False
5029,1200.02,1200.02,Activo Fijo Transformación CMP,False
5030,1200.03,1200.03,Activo Fijo Extracción,False
5031,1200.04,1200.04,Activo Fijo Tepexi,False
5032,1200.05,1200.05,Activo Fijo Transformación Xalapa,False
5033,1200.06,1200.06,Activo Fijo Extraccion 2,False
5034,1200.07,1200.07,Activo Fijo Extraccion 3,False
3939,121,121,Otros activos a corto plazo,"[3830, '1 Activos']"
3940,121.01,121.01,Otros activos a corto plazo,"[3939, '121 Otros activos a corto plazo']"
5035,1210.01,1210.01,Depreciacion acumulada Transformación,False
5036,1210.02,1210.02,Depreciacion acumulada Transformación CMP,False
5037,1210.03,1210.03,Depreciacion acumulada Extraccion,False
5038,1210.05,1210.05,Depreciacion acumulada Xalapa,False
5039,1210.06,1210.06,Depreciacion acumulada Extraccion 2,False
5040,1210.07,1210.07,Depreciacion acumulada Extraccion 3,False
5041,1310.01,1310.01,Revaluacion de activos Transformacion,False
5042,1310.02,1310.02,Revaluacion de activos Extraccion,False
5043,1400.01,1400.01,Activos intangibles Transformacion,False
5044,1400.02,1400.02,Activos intangibles Extraccion,False
5045,1400.03,1400.03,Activos intangibles Transformacion Xalapa,False
5046,1400.04,1400.04,Pasivo laboral Transformacion,False
5047,1400.05,1400.05,Pasivo laboral Extraccion,False
5048,1400.06,1400.06,Activos intangibles Extraccion 3,False
5049,1410.01,1410.01,Amortizacion acumulada Transformacion,False
5050,1410.02,1410.02,Amortizacion acumulada Extraccion,False
5051,1410.03,1410.03,Amortizacion acumulada Transformacion Xalapa,False
5052,1410.04,1410.04,Amortizacion acumulada Extraccion 2,False
3941,151,151,Terrenos,"[3830, '1 Activos']"
3942,151.01,151.01,Terrenos,"[3941, '151 Terrenos']"
3943,152,152,Edificios,"[3830, '1 Activos']"
3944,152.01,152.01,Edificios,"[3943, '152 Edificios']"
3945,153,153,Maquinaria y equipo,"[3830, '1 Activos']"
3946,153.01,153.01,Maquinaria y equipo,"[3945, '153 Maquinaria y equipo']"
3947,154,154,"Automóviles, autobuses, camiones de carga, tractocamiones, montacargas y remolques","[3830, '1 Activos']"
3948,154.01,154.01,"Automóviles, autobuses, camiones de carga, tractocamiones, montacargas y remolques","[3947, '154 Automóviles, autobuses, camiones de carga, tractocamiones, montacargas y remolques']"
3949,155,155,Mobiliario y equipo de oficina,"[3830, '1 Activos']"
3950,155.01,155.01,Mobiliario y equipo de oficina,"[3949, '155 Mobiliario y equipo de oficina']"
3951,156,156,Equipo de cómputo,"[3830, '1 Activos']"
3952,156.01,156.01,Equipo de cómputo,"[3951, '156 Equipo de cómputo']"
3953,157,157,Equipo de comunicación,"[3830, '1 Activos']"
3954,157.01,157.01,Equipo de comunicación,"[3953, '157 Equipo de comunicación']"
3955,158,158,"Activos biológicos, vegetales y semovientes","[3830, '1 Activos']"
3956,158.01,158.01,"Activos biológicos, vegetales y semovientes","[3955, '158 Activos biológicos, vegetales y semovientes']"
3957,159,159,Obras en proceso de activos fijos,"[3830, '1 Activos']"
3958,159.01,159.01,Obras en proceso de activos fijos,"[3957, '159 Obras en proceso de activos fijos']"
3959,160,160,Otros activos fijos,"[3830, '1 Activos']"
3960,160.01,160.01,Otros activos fijos,"[3959, '160 Otros activos fijos']"
3961,161,161,Ferrocarriles,"[3830, '1 Activos']"
3962,161.01,161.01,Ferrocarriles,"[3961, '161 Ferrocarriles']"
3963,162,162,Embarcaciones,"[3830, '1 Activos']"
3964,162.01,162.01,Embarcaciones,"[3963, '162 Embarcaciones']"
3965,163,163,Aviones,"[3830, '1 Activos']"
3966,163.01,163.01,Aviones,"[3965, '163 Aviones']"
3967,164,164,"Troqueles, moldes, matrices y herramental","[3830, '1 Activos']"
3968,164.01,164.01,"Troqueles, moldes, matrices y herramental","[3967, '164 Troqueles, moldes, matrices y herramental']"
3969,165,165,Equipo de comunicaciones telefónicas,"[3830, '1 Activos']"
3970,165.01,165.01,Equipo de comunicaciones telefónicas,"[3969, '165 Equipo de comunicaciones telefónicas']"
3971,166,166,Equipo de comunicación satelital,"[3830, '1 Activos']"
3972,166.01,166.01,Equipo de comunicación satelital,"[3971, '166 Equipo de comunicación satelital']"
3973,167,167,Equipo de adaptaciones para personas con capacidades diferentes,"[3830, '1 Activos']"
3974,167.01,167.01,Equipo de adaptaciones para personas con capacidades diferentes,"[3973, '167 Equipo de adaptaciones para personas con capacidades diferentes']"
3975,168,168,Maquinaria y equipo de generación de energía de fuentes renovables o de sistemas de cogeneración de electricidad eficiente,"[3830, '1 Activos']"
3976,168.01,168.01,Maquinaria y equipo de generación de energía de fuentes renovables o de sistemas de cogeneración de electricidad eficiente,"[3975, '168 Maquinaria y equipo de generación de energía de fuentes renovables o de sistemas de cogeneración de electricidad eficiente']"
3977,169,169,Otra maquinaria y equipo,"[3830, '1 Activos']"
3978,169.01,169.01,Otra maquinaria y equipo,"[3977, '169 Otra maquinaria y equipo']"
3979,170,170,Adaptaciones y mejoras,"[3830, '1 Activos']"
3980,170.01,170.01,Adaptaciones y mejoras,"[3979, '170 Adaptaciones y mejoras']"
3981,171,171,Depreciación acumulada de activos fijos,"[3830, '1 Activos']"
3982,171.01,171.01,Depreciación acumulada de edificios,"[3981, '171 Depreciación acumulada de activos fijos']"
3983,171.02,171.02,Depreciación acumulada de maquinaria y equipo,"[3981, '171 Depreciación acumulada de activos fijos']"
3984,171.03,171.03,"Depreciación acumulada de automóviles, autobuses, camiones de carga, tractocamiones, montacargas y remolques","[3981, '171 Depreciación acumulada de activos fijos']"
3985,171.04,171.04,Depreciación acumulada de mobiliario y equipo de oficina,"[3981, '171 Depreciación acumulada de activos fijos']"
3986,171.05,171.05,Depreciación acumulada de equipo de cómputo,"[3981, '171 Depreciación acumulada de activos fijos']"
3987,171.06,171.06,Depreciación acumulada de equipo de comunicación,"[3981, '171 Depreciación acumulada de activos fijos']"
3988,171.07,171.07,"Depreciación acumulada de activos biológicos, vegetales y semovientes","[3981, '171 Depreciación acumulada de activos fijos']"
3989,171.08,171.08,Depreciación acumulada de otros activos fijos,"[3981, '171 Depreciación acumulada de activos fijos']"
3990,171.09,171.09,Depreciación acumulada de ferrocarriles,"[3981, '171 Depreciación acumulada de activos fijos']"
3991,171.10,171.10,Depreciación acumulada de embarcaciones,"[3981, '171 Depreciación acumulada de activos fijos']"
3992,171.11,171.11,Depreciación acumulada de aviones,"[3981, '171 Depreciación acumulada de activos fijos']"
3993,171.12,171.12,"Depreciación acumulada de troqueles, moldes, matrices y herramental","[3981, '171 Depreciación acumulada de activos fijos']"
3994,171.13,171.13,Depreciación acumulada de equipo de comunicaciones telefónicas,"[3981, '171 Depreciación acumulada de activos fijos']"
3995,171.14,171.14,Depreciación acumulada de equipo de comunicación satelital,"[3981, '171 Depreciación acumulada de activos fijos']"
3996,171.15,171.15,Depreciación acumulada de equipo de adaptaciones para personas con capacidades diferentes,"[3981, '171 Depreciación acumulada de activos fijos']"
3997,171.16,171.16,Depreciación acumulada de maquinaria y equipo de generación de energía de fuentes renovables o de sistemas de cogeneración de electricidad eficiente,"[3981, '171 Depreciación acumulada de activos fijos']"
3998,171.17,171.17,Depreciación acumulada de adaptaciones y mejoras,"[3981, '171 Depreciación acumulada de activos fijos']"
3999,171.18,171.18,Depreciación acumulada de otra maquinaria y equipo,"[3981, '171 Depreciación acumulada de activos fijos']"
4000,172,172,Pérdida por deterioro acumulado de activos fijos,"[3830, '1 Activos']"
4001,172.01,172.01,Pérdida por deterioro acumulado de edificios,"[4000, '172 Pérdida por deterioro acumulado de activos fijos']"
4002,172.02,172.02,Pérdida por deterioro acumulado de maquinaria y equipo,"[4000, '172 Pérdida por deterioro acumulado de activos fijos']"
4003,172.03,172.03,"Pérdida por deterioro acumulado de automóviles, autobuses, camiones de carga, tractocamiones, montacargas y remolques","[4000, '172 Pérdida por deterioro acumulado de activos fijos']"
4004,172.04,172.04,Pérdida por deterioro acumulado de mobiliario y equipo de oficina,"[4000, '172 Pérdida por deterioro acumulado de activos fijos']"
4005,172.05,172.05,Pérdida por deterioro acumulado de equipo de cómputo,"[4000, '172 Pérdida por deterioro acumulado de activos fijos']"
4006,172.06,172.06,Pérdida por deterioro acumulado de equipo de comunicación,"[4000, '172 Pérdida por deterioro acumulado de activos fijos']"
4007,172.07,172.07,"Pérdida por deterioro acumulado de activos biológicos, vegetales y semovientes","[4000, '172 Pérdida por deterioro acumulado de activos fijos']"
4008,172.08,172.08,Pérdida por deterioro acumulado de otros activos fijos,"[4000, '172 Pérdida por deterioro acumulado de activos fijos']"
4009,172.09,172.09,Pérdida por deterioro acumulado de ferrocarriles,"[4000, '172 Pérdida por deterioro acumulado de activos fijos']"
4010,172.10,172.10,Pérdida por deterioro acumulado de embarcaciones,"[4000, '172 Pérdida por deterioro acumulado de activos fijos']"
4011,172.11,172.11,Pérdida por deterioro acumulado de aviones,"[4000, '172 Pérdida por deterioro acumulado de activos fijos']"
4012,172.12,172.12,"Pérdida por deterioro acumulado de troqueles, moldes, matrices y herramental","[4000, '172 Pérdida por deterioro acumulado de activos fijos']"
4013,172.13,172.13,Pérdida por deterioro acumulado de equipo de comunicaciones telefónicas,"[4000, '172 Pérdida por deterioro acumulado de activos fijos']"
4014,172.14,172.14,Pérdida por deterioro acumulado de equipo de comunicación satelital,"[4000, '172 Pérdida por deterioro acumulado de activos fijos']"
4015,172.15,172.15,Pérdida por deterioro acumulado de equipo de adaptaciones para personas con capacidades diferentes,"[4000, '172 Pérdida por deterioro acumulado de activos fijos']"
4016,172.16,172.16,Pérdida por deterioro acumulado de maquinaria y equipo de generación de energía de fuentes renovables o de sistemas de cogeneración de electricidad eficiente,"[4000, '172 Pérdida por deterioro acumulado de activos fijos']"
4017,172.17,172.17,Pérdida por deterioro acumulado de adaptaciones y mejoras,"[4000, '172 Pérdida por deterioro acumulado de activos fijos']"
4018,172.18,172.18,Pérdida por deterioro acumulado de otra maquinaria y equipo,"[4000, '172 Pérdida por deterioro acumulado de activos fijos']"
4019,173,173,Gastos diferidos,"[3830, '1 Activos']"
4020,173.01,173.01,Gastos diferidos,"[4019, '173 Gastos diferidos']"
4021,174,174,Gastos pre operativos,"[3830, '1 Activos']"
4022,174.01,174.01,Gastos pre operativos,"[4021, '174 Gastos pre operativos']"
4023,175,175,"Regalías, asistencia técnica y otros gastos diferidos","[3830, '1 Activos']"
4024,175.01,175.01,"Regalías, asistencia técnica y otros gastos diferidos","[4023, '175 Regalías, asistencia técnica y otros gastos diferidos']"
4025,176,176,Activos intangibles,"[3830, '1 Activos']"
4026,176.01,176.01,Activos intangibles,"[4025, '176 Activos intangibles']"
4027,177,177,Gastos de organización,"[3830, '1 Activos']"
4028,177.01,177.01,Gastos de organización,"[4027, '177 Gastos de organización']"
4029,178,178,Investigación y desarrollo de mercado,"[3830, '1 Activos']"
4030,178.01,178.01,Investigación y desarrollo de mercado,"[4029, '178 Investigación y desarrollo de mercado']"
4031,179,179,Marcas y patentes,"[3830, '1 Activos']"
4032,179.01,179.01,Marcas y patentes,"[4031, '179 Marcas y patentes']"
4033,180,180,Crédito mercantil,"[3830, '1 Activos']"
4034,180.01,180.01,Crédito mercantil,"[4033, '180 Crédito mercantil']"
4035,181,181,Gastos de instalación,"[3830, '1 Activos']"
4036,181.01,181.01,Gastos de instalación,"[4035, '181 Gastos de instalación']"
4037,182,182,Otros activos diferidos,"[3830, '1 Activos']"
4038,182.01,182.01,Otros activos diferidos,"[4037, '182 Otros activos diferidos']"
4039,183,183,Amortización acumulada de activos diferidos,"[3830, '1 Activos']"
4040,183.01,183.01,Amortización acumulada de gastos diferidos,"[4039, '183 Amortización acumulada de activos diferidos']"
4041,183.02,183.02,Amortización acumulada de gastos pre operativos,"[4039, '183 Amortización acumulada de activos diferidos']"
4042,183.03,183.03,"Amortización acumulada de regalías, asistencia técnica y otros gastos diferidos","[4039, '183 Amortización acumulada de activos diferidos']"
4043,183.04,183.04,Amortización acumulada de activos intangibles,"[4039, '183 Amortización acumulada de activos diferidos']"
4044,183.05,183.05,Amortización acumulada de gastos de organización,"[4039, '183 Amortización acumulada de activos diferidos']"
4045,183.06,183.06,Amortización acumulada de investigación y desarrollo de mercado,"[4039, '183 Amortización acumulada de activos diferidos']"
4046,183.07,183.07,Amortización acumulada de marcas y patentes,"[4039, '183 Amortización acumulada de activos diferidos']"
4047,183.08,183.08,Amortización acumulada de crédito mercantil,"[4039, '183 Amortización acumulada de activos diferidos']"
4048,183.09,183.09,Amortización acumulada de gastos de instalación,"[4039, '183 Amortización acumulada de activos diferidos']"
4049,183.10,183.10,Amortización acumulada de otros activos diferidos,"[4039, '183 Amortización acumulada de activos diferidos']"
4050,184,184,Depósitos en garantía,"[3830, '1 Activos']"
4051,184.01,184.01,Depósitos de fianzas,"[4050, '184 Depósitos en garantía']"
4052,184.02,184.02,Depósitos de arrendamiento de bienes inmuebles,"[4050, '184 Depósitos en garantía']"
4053,184.03,184.03,Otros depósitos en garantía,"[4050, '184 Depósitos en garantía']"
4054,185,185,Impuestos diferidos,"[3830, '1 Activos']"
4055,185.01,185.01,Impuestos diferidos ISR,"[4054, '185 Impuestos diferidos']"
4056,186,186,Cuentas y documentos por cobrar a largo plazo,"[3830, '1 Activos']"
4057,186.01,186.01,Cuentas y documentos por cobrar a largo plazo nacional,"[4056, '186 Cuentas y documentos por cobrar a largo plazo']"
4058,186.02,186.02,Cuentas y documentos por cobrar a largo plazo extranjero,"[4056, '186 Cuentas y documentos por cobrar a largo plazo']"
4059,186.03,186.03,Cuentas y documentos por cobrar a largo plazo nacional parte relacionada,"[4056, '186 Cuentas y documentos por cobrar a largo plazo']"
4060,186.04,186.04,Cuentas y documentos por cobrar a largo plazo extranjero parte relacionada,"[4056, '186 Cuentas y documentos por cobrar a largo plazo']"
4061,186.05,186.05,Intereses por cobrar a largo plazo nacional,"[4056, '186 Cuentas y documentos por cobrar a largo plazo']"
4062,186.06,186.06,Intereses por cobrar a largo plazo extranjero,"[4056, '186 Cuentas y documentos por cobrar a largo plazo']"
4063,186.07,186.07,Intereses por cobrar a largo plazo nacional parte relacionada,"[4056, '186 Cuentas y documentos por cobrar a largo plazo']"
4064,186.08,186.08,Intereses por cobrar a largo plazo extranjero parte relacionada,"[4056, '186 Cuentas y documentos por cobrar a largo plazo']"
4065,186.09,186.09,Otras cuentas y documentos por cobrar a largo plazo,"[4056, '186 Cuentas y documentos por cobrar a largo plazo']"
4066,186.10,186.10,Otras cuentas y documentos por cobrar a largo plazo parte relacionada,"[4056, '186 Cuentas y documentos por cobrar a largo plazo']"
4067,187,187,Participación de los trabajadores en las utilidades diferidas,"[3830, '1 Activos']"
4068,187.01,187.01,Participación de los trabajadores en las utilidades diferidas,"[4067, '187 Participación de los trabajadores en las utilidades diferidas']"
4069,188,188,Inversiones permanentes en acciones,"[3830, '1 Activos']"
4070,188.01,188.01,Inversiones a largo plazo en subsidiarias,"[4069, '188 Inversiones permanentes en acciones']"
4071,188.02,188.02,Inversiones a largo plazo en asociadas,"[4069, '188 Inversiones permanentes en acciones']"
4072,188.03,188.03,Otras inversiones permanentes en acciones,"[4069, '188 Inversiones permanentes en acciones']"
4073,189,189,Estimación por deterioro de inversiones permanentes en acciones,"[3830, '1 Activos']"
4074,189.01,189.01,Estimación por deterioro de inversiones permanentes en acciones,"[4073, '189 Estimación por deterioro de inversiones permanentes en acciones']"
4075,190,190,Otros instrumentos financieros,"[3830, '1 Activos']"
4076,190.01,190.01,Otros instrumentos financieros,"[4075, '190 Otros instrumentos financieros']"
4077,191,191,Otros activos a largo plazo,"[3830, '1 Activos']"
4078,191.01,191.01,Otros activos a largo plazo,"[4077, '191 Otros activos a largo plazo']"
4079,2,2,Pasivos,False
4080,200.01,200.01,Pasivo a corto plazo,"[4079, '2 Pasivos']"
4081,200.02,200.02,Pasivo a largo plazo,"[4079, '2 Pasivos']"
5053,2001.01,2001.01,Proveedores Nacionales Transformacion,False
5054,2001.02,2001.02,Proveedores Extranjeros Transformacion,False
5055,2001.03,2001.03,Proveedores Nacionales Extraccion,False
5056,2001.04,2001.04,Proveedores Extranjeros Extraccion,False
5057,2002.01,2002.01,Acreedores Nacionales Transformacion,False
5058,2002.02,2002.02,Acreedores Extranjeros Transformacion,False
5059,2002.03,2002.03,Acreedores Nacionales Extraccion,False
5060,2002.04,2002.04,Acreedores Extranjeros Extraccion,False
5061,2003.01,2003.01,Anticipo clientes Transformación Nacional,False
5062,2003.02,2003.02,Anticipo clientes Transformación Exportacion,False
5063,2003.03,2003.03,Anticipo clientes Extraccion Nacional,False
5064,2003.04,2003.04,Anticipo clientes Extraccion Exportacion,False
5065,2004.01,2004.01,Impuestos por pagar Transformacion,False
5066,2004.02,2004.02,Impuestos por pagar Extraccion,False
5067,2004.03,2004.03,Otros impuestos por pagar,False
5068,2005.01,2005.01,Impuestos retenidos por pagar Transformacion,False
5069,2005.02,2005.02,Impuestos retenidos por pagar Extraccion,False
5070,2006.01,2006.01,Impuestos por pagar Seguridad Transformacion,False
5071,2006.02,2006.02,Impuestos por pagar Seguridad Extraccion,False
5072,2007.01,2007.01,Provision sueldos por pagar Transformacion,False
5073,2007.02,2007.02,Provision sueldos por pagar Extraccion,False
5074,2009.01,2009.01,Acreedores Nacionales a largo plazo Transformacion,False
5075,2009.02,2009.02,Acreedores Extranjeros a largo plazo Transformacion,False
5076,2009.03,2009.03,Acreedores Nacionales a largo plazo Extraccion,False
4082,201,201,Proveedores,"[4079, '2 Pasivos']"
4083,201.01,201.01,Proveedores nacionales,"[4082, '201 Proveedores']"
4084,201.02,201.02,Proveedores extranjeros,"[4082, '201 Proveedores']"
4085,201.03,201.03,Proveedores nacionales parte relacionada,"[4082, '201 Proveedores']"
4086,201.04,201.04,Proveedores extranjeros parte relacionada,"[4082, '201 Proveedores']"
5077,2010.01,2010.01,Pasivo Laboral Transformacion,False
5078,2010.02,2010.02,Pasivo Laboral Extraccion,False
4087,202,202,Cuentas por pagar a corto plazo,"[4079, '2 Pasivos']"
4088,202.01,202.01,Documentos por pagar bancario y financiero nacional,"[4087, '202 Cuentas por pagar a corto plazo']"
4089,202.02,202.02,Documentos por pagar bancario y financiero extranjero,"[4087, '202 Cuentas por pagar a corto plazo']"
4090,202.03,202.03,Documentos y cuentas por pagar a corto plazo nacional,"[4087, '202 Cuentas por pagar a corto plazo']"
4091,202.04,202.04,Documentos y cuentas por pagar a corto plazo extranjero,"[4087, '202 Cuentas por pagar a corto plazo']"
4092,202.05,202.05,Documentos y cuentas por pagar a corto plazo nacional parte relacionada,"[4087, '202 Cuentas por pagar a corto plazo']"
4093,202.06,202.06,Documentos y cuentas por pagar a corto plazo extranjero parte relacionada,"[4087, '202 Cuentas por pagar a corto plazo']"
4094,202.07,202.07,Intereses por pagar a corto plazo nacional,"[4087, '202 Cuentas por pagar a corto plazo']"
4095,202.08,202.08,Intereses por pagar a corto plazo extranjero,"[4087, '202 Cuentas por pagar a corto plazo']"
4096,202.09,202.09,Intereses por pagar a corto plazo nacional parte relacionada,"[4087, '202 Cuentas por pagar a corto plazo']"
4097,202.10,202.10,Intereses por pagar a corto plazo extranjero parte relacionada,"[4087, '202 Cuentas por pagar a corto plazo']"
4098,202.11,202.11,Dividendo por pagar nacional,"[4087, '202 Cuentas por pagar a corto plazo']"
4099,202.12,202.12,Dividendo por pagar extranjero,"[4087, '202 Cuentas por pagar a corto plazo']"
4100,203,203,Cobros anticipados a corto plazo,"[4079, '2 Pasivos']"
4101,203.01,203.01,Rentas cobradas por anticipado a corto plazo nacional,"[4100, '203 Cobros anticipados a corto plazo']"
4102,203.02,203.02,Rentas cobradas por anticipado a corto plazo extranjero,"[4100, '203 Cobros anticipados a corto plazo']"
4103,203.03,203.03,Rentas cobradas por anticipado a corto plazo nacional parte relacionada,"[4100, '203 Cobros anticipados a corto plazo']"
4104,203.04,203.04,Rentas cobradas por anticipado a corto plazo extranjero parte relacionada,"[4100, '203 Cobros anticipados a corto plazo']"
4105,203.05,203.05,Intereses cobrados por anticipado a corto plazo nacional,"[4100, '203 Cobros anticipados a corto plazo']"
4106,203.06,203.06,Intereses cobrados por anticipado a corto plazo extranjero,"[4100, '203 Cobros anticipados a corto plazo']"
4107,203.07,203.07,Intereses cobrados por anticipado a corto plazo nacional parte relacionada,"[4100, '203 Cobros anticipados a corto plazo']"
4108,203.08,203.08,Intereses cobrados por anticipado a corto plazo extranjero parte relacionada,"[4100, '203 Cobros anticipados a corto plazo']"
4109,203.09,203.09,Factoraje financiero cobrados por anticipado a corto plazo nacional,"[4100, '203 Cobros anticipados a corto plazo']"
4110,203.10,203.10,Factoraje financiero cobrados por anticipado a corto plazo extranjero,"[4100, '203 Cobros anticipados a corto plazo']"
4111,203.11,203.11,Factoraje financiero cobrados por anticipado a corto plazo nacional parte relacionada,"[4100, '203 Cobros anticipados a corto plazo']"
4112,203.12,203.12,Factoraje financiero cobrados por anticipado a corto plazo extranjero parte relacionada,"[4100, '203 Cobros anticipados a corto plazo']"
4113,203.13,203.13,Arrendamiento financiero cobrados por anticipado a corto plazo nacional,"[4100, '203 Cobros anticipados a corto plazo']"
4114,203.14,203.14,Arrendamiento financiero cobrados por anticipado a corto plazo extranjero,"[4100, '203 Cobros anticipados a corto plazo']"
4115,203.15,203.15,Arrendamiento financiero cobrados por anticipado a corto plazo nacional parte relacionada,"[4100, '203 Cobros anticipados a corto plazo']"
4116,203.16,203.16,Arrendamiento financiero cobrados por anticipado a corto plazo extranjero parte relacionada,"[4100, '203 Cobros anticipados a corto plazo']"
4117,203.17,203.17,Derechos fiduciarios,"[4100, '203 Cobros anticipados a corto plazo']"
4118,203.18,203.18,Otros cobros anticipados,"[4100, '203 Cobros anticipados a corto plazo']"
4119,204,204,Instrumentos financieros a corto plazo,"[4079, '2 Pasivos']"
4120,204.01,204.01,Instrumentos financieros a corto plazo,"[4119, '204 Instrumentos financieros a corto plazo']"
4121,205,205,Acreedores diversos a corto plazo,"[4079, '2 Pasivos']"
4122,205.01,205.01,"Socios, accionistas o representante legal","[4121, '205 Acreedores diversos a corto plazo']"
4123,205.02,205.02,Acreedores diversos a corto plazo nacional,"[4121, '205 Acreedores diversos a corto plazo']"
4124,205.03,205.03,Acreedores diversos a corto plazo extranjero,"[4121, '205 Acreedores diversos a corto plazo']"
4125,205.04,205.04,Acreedores diversos a corto plazo nacional parte relacionada,"[4121, '205 Acreedores diversos a corto plazo']"
4126,205.05,205.05,Acreedores diversos a corto plazo extranjero parte relacionada,"[4121, '205 Acreedores diversos a corto plazo']"
4127,205.06,205.06,Otros acreedores diversos a corto plazo,"[4121, '205 Acreedores diversos a corto plazo']"
4128,206,206,Anticipo de cliente,"[4079, '2 Pasivos']"
4129,206.01,206.01,Anticipo de cliente nacional,"[4128, '206 Anticipo de cliente']"
4130,206.02,206.02,Anticipo de cliente extranjero,"[4128, '206 Anticipo de cliente']"
4131,206.03,206.03,Anticipo de cliente nacional parte relacionada,"[4128, '206 Anticipo de cliente']"
4132,206.04,206.04,Anticipo de cliente extranjero parte relacionada,"[4128, '206 Anticipo de cliente']"
4133,206.05,206.05,Otros anticipos de clientes,"[4128, '206 Anticipo de cliente']"
4134,207,207,Impuestos trasladados,"[4079, '2 Pasivos']"
4135,207.01,207.01,IVA trasladado,"[4134, '207 Impuestos trasladados']"
4136,207.02,207.02,IEPS trasladado,"[4134, '207 Impuestos trasladados']"
4137,208,208,Impuestos trasladados cobrados,"[4079, '2 Pasivos']"
4138,208.01,208.01,IVA trasladado cobrado,"[4137, '208 Impuestos trasladados cobrados']"
4139,208.02,208.02,IEPS trasladado cobrado,"[4137, '208 Impuestos trasladados cobrados']"
4140,209,209,Impuestos trasladados no cobrados,"[4079, '2 Pasivos']"
4141,209.01,209.01,IVA trasladado no cobrado,"[4140, '209 Impuestos trasladados no cobrados']"
4142,209.02,209.02,IEPS trasladado no cobrado,"[4140, '209 Impuestos trasladados no cobrados']"
4143,210,210,Provisión de sueldos y salarios por pagar,"[4079, '2 Pasivos']"
4144,210.01,210.01,Provisión de sueldos y salarios por pagar,"[4143, '210 Provisión de sueldos y salarios por pagar']"
4145,210.02,210.02,Provisión de vacaciones por pagar,"[4143, '210 Provisión de sueldos y salarios por pagar']"
4146,210.03,210.03,Provisión de aguinaldo por pagar,"[4143, '210 Provisión de sueldos y salarios por pagar']"
4147,210.04,210.04,Provisión de fondo de ahorro por pagar,"[4143, '210 Provisión de sueldos y salarios por pagar']"
4148,210.05,210.05,Provisión de asimilados a salarios por pagar,"[4143, '210 Provisión de sueldos y salarios por pagar']"
4149,210.06,210.06,Provisión de anticipos o remanentes por distribuir,"[4143, '210 Provisión de sueldos y salarios por pagar']"
4150,210.07,210.07,Provisión de otros sueldos y salarios por pagar,"[4143, '210 Provisión de sueldos y salarios por pagar']"
4151,211,211,Provisión de contribuciones de seguridad social por pagar,"[4079, '2 Pasivos']"
4152,211.01,211.01,Provisión de IMSS patronal por pagar,"[4151, '211 Provisión de contribuciones de seguridad social por pagar']"
4153,211.02,211.02,Provisión de SAR por pagar,"[4151, '211 Provisión de contribuciones de seguridad social por pagar']"
4154,211.03,211.03,Provisión de infonavit por pagar,"[4151, '211 Provisión de contribuciones de seguridad social por pagar']"
4155,212,212,Provisión de impuesto estatal sobre nómina por pagar,"[4079, '2 Pasivos']"
4156,212.01,212.01,Provisión de impuesto estatal sobre nómina por pagar,"[4155, '212 Provisión de impuesto estatal sobre nómina por pagar']"
4157,213,213,Impuestos y derechos por pagar,"[4079, '2 Pasivos']"
4158,213.01,213.01,IVA por pagar,"[4157, '213 Impuestos y derechos por pagar']"
4159,213.02,213.02,IEPS por pagar,"[4157, '213 Impuestos y derechos por pagar']"
4160,213.03,213.03,ISR a favor,"[4157, '213 Impuestos y derechos por pagar']"
4161,213.04,213.04,Impuesto estatal sobre nómina por pagar,"[4157, '213 Impuestos y derechos por pagar']"
4162,213.05,213.05,Impuesto estatal y municipal por pagar,"[4157, '213 Impuestos y derechos por pagar']"
4163,213.06,213.06,Derechos por pagar,"[4157, '213 Impuestos y derechos por pagar']"
4164,213.07,213.07,Otros impuestos por pagar,"[4157, '213 Impuestos y derechos por pagar']"
4165,214,214,Dividendos por pagar,"[4079, '2 Pasivos']"
4166,214.01,214.01,Dividendos por pagar,"[4165, '214 Dividendos por pagar']"
4167,215,215,PTU por pagar,"[4079, '2 Pasivos']"
4168,215.01,215.01,PTU por pagar,"[4167, '215 PTU por pagar']"
4169,215.02,215.02,PTU por pagar de ejercicios anteriores,"[4167, '215 PTU por pagar']"
4170,215.03,215.03,Provisión de PTU por pagar,"[4167, '215 PTU por pagar']"
4171,216,216,Impuestos retenidos,"[4079, '2 Pasivos']"
4172,216.01,216.01,Impuestos retenidos de ISR por sueldos y salarios,"[4171, '216 Impuestos retenidos']"
4173,216.02,216.02,Impuestos retenidos de ISR por asimilados a salarios,"[4171, '216 Impuestos retenidos']"
4174,216.03,216.03,Impuestos retenidos de ISR por arrendamiento,"[4171, '216 Impuestos retenidos']"
4175,216.04,216.04,Impuestos retenidos de ISR por servicios profesionales,"[4171, '216 Impuestos retenidos']"
4176,216.05,216.05,Impuestos retenidos de ISR por dividendos,"[4171, '216 Impuestos retenidos']"
4177,216.06,216.06,Impuestos retenidos de ISR por intereses,"[4171, '216 Impuestos retenidos']"
4178,216.07,216.07,Impuestos retenidos de ISR por pagos al extranjero,"[4171, '216 Impuestos retenidos']"
4179,216.08,216.08,Impuestos retenidos de ISR por venta de acciones,"[4171, '216 Impuestos retenidos']"
4180,216.09,216.09,Impuestos retenidos de ISR por venta de acciones,"[4171, '216 Impuestos retenidos']"
4181,216.10,216.10,Impuestos retenidos de IVA,"[4171, '216 Impuestos retenidos']"
4182,216.11,216.11,Retenciones de IMSS a los trabajadores,"[4171, '216 Impuestos retenidos']"
4183,216.12,216.12,Otras impuestos retenidos,"[4171, '216 Impuestos retenidos']"
4184,217,217,Pagos realizados por cuenta de terceros,"[4079, '2 Pasivos']"
4185,217.01,217.01,Pagos realizados por cuenta de terceros,"[4184, '217 Pagos realizados por cuenta de terceros']"
4186,218,218,Otros pasivos a corto plazo,"[4079, '2 Pasivos']"
4187,218.01,218.01,Otros pasivos a corto plazo,"[4186, '218 Otros pasivos a corto plazo']"
4188,251,251,Acreedores diversos a largo plazo,"[4079, '2 Pasivos']"
4189,251.01,251.01,"Socios, accionistas o representante legal","[4188, '251 Acreedores diversos a largo plazo']"
4190,251.02,251.02,Acreedores diversos a largo plazo nacional,"[4188, '251 Acreedores diversos a largo plazo']"
4191,251.03,251.03,Acreedores diversos a largo plazo extranjero,"[4188, '251 Acreedores diversos a largo plazo']"
4192,251.04,251.04,Acreedores diversos a largo plazo nacional parte relacionada,"[4188, '251 Acreedores diversos a largo plazo']"
4193,251.05,251.05,Acreedores diversos a largo plazo extranjero parte relacionada,"[4188, '251 Acreedores diversos a largo plazo']"
4194,251.06,251.06,Otros acreedores diversos a largo plazo,"[4188, '251 Acreedores diversos a largo plazo']"
4195,252,252,Cuentas por pagar a largo plazo,"[4079, '2 Pasivos']"
4196,252.01,252.01,Documentos bancarios y financieros por pagar a largo plazo nacional,"[4195, '252 Cuentas por pagar a largo plazo']"
4197,252.02,252.02,Documentos bancarios y financieros por pagar a largo plazo extranjero,"[4195, '252 Cuentas por pagar a largo plazo']"
4198,252.03,252.03,Documentos y cuentas por pagar a largo plazo nacional,"[4195, '252 Cuentas por pagar a largo plazo']"
4199,252.04,252.04,Documentos y cuentas por pagar a largo plazo extranjero,"[4195, '252 Cuentas por pagar a largo plazo']"
4200,252.05,252.05,Documentos y cuentas por pagar a largo plazo nacional parte relacionada,"[4195, '252 Cuentas por pagar a largo plazo']"
4201,252.06,252.06,Documentos y cuentas por pagar a largo plazo extranjero parte relacionada,"[4195, '252 Cuentas por pagar a largo plazo']"
4202,252.07,252.07,account_subgroup_hipotecas_por_pagar_a_largo_plazo_nacional,"[4195, '252 Cuentas por pagar a largo plazo']"
4203,252.08,252.08,Hipotecas por pagar a largo plazo extranjero,"[4195, '252 Cuentas por pagar a largo plazo']"
4204,252.09,252.09,Hipotecas por pagar a largo plazo nacional parte relacionada,"[4195, '252 Cuentas por pagar a largo plazo']"
4205,252.10,252.10,Hipotecas por pagar a largo plazo extranjero parte relacionada,"[4195, '252 Cuentas por pagar a largo plazo']"
4206,252.11,252.11,Intereses por pagar a largo plazo nacional,"[4195, '252 Cuentas por pagar a largo plazo']"
4207,252.12,252.12,Intereses por pagar a largo plazo extranjero,"[4195, '252 Cuentas por pagar a largo plazo']"
4208,252.13,252.13,Intereses por pagar a largo plazo nacional parte relacionada,"[4195, '252 Cuentas por pagar a largo plazo']"
4209,252.14,252.14,Intereses por pagar a largo plazo extranjero parte relacionada,"[4195, '252 Cuentas por pagar a largo plazo']"
4210,252.15,252.15,Dividendos por pagar nacionales,"[4195, '252 Cuentas por pagar a largo plazo']"
4211,252.16,252.16,Dividendos por pagar extranjeros,"[4195, '252 Cuentas por pagar a largo plazo']"
4212,252.17,252.17,Otras cuentas y documentos por pagar a largo plazo,"[4195, '252 Cuentas por pagar a largo plazo']"
4213,253,253,Cobros anticipados a largo plazo,"[4079, '2 Pasivos']"
4214,253.01,253.01,Rentas cobradas por anticipado a largo plazo nacional,"[4213, '253 Cobros anticipados a largo plazo']"
4215,253.02,253.02,Rentas cobradas por anticipado a largo plazo extranjero,"[4213, '253 Cobros anticipados a largo plazo']"
4216,253.03,253.03,Rentas cobradas por anticipado a largo plazo nacional parte relacionada,"[4213, '253 Cobros anticipados a largo plazo']"
4217,253.04,253.04,Rentas cobradas por anticipado a largo plazo extranjero parte relacionada,"[4213, '253 Cobros anticipados a largo plazo']"
4218,253.05,253.05,Intereses cobrados por anticipado a largo plazo nacional,"[4213, '253 Cobros anticipados a largo plazo']"
4219,253.06,253.06,Intereses cobrados por anticipado a largo plazo extranjero,"[4213, '253 Cobros anticipados a largo plazo']"
4220,253.07,253.07,Intereses cobrados por anticipado a largo plazo nacional parte relacionada,"[4213, '253 Cobros anticipados a largo plazo']"
4221,253.08,253.08,Intereses cobrados por anticipado a largo plazo extranjero parte relacionada,"[4213, '253 Cobros anticipados a largo plazo']"
4222,253.09,253.09,Factoraje financiero cobrados por anticipado a largo plazo nacional,"[4213, '253 Cobros anticipados a largo plazo']"
4223,253.10,253.10,Factoraje financiero cobrados por anticipado a largo plazo extranjero,"[4213, '253 Cobros anticipados a largo plazo']"
4224,253.11,253.11,Factoraje financiero cobrados por anticipado a largo plazo nacional parte relacionada,"[4213, '253 Cobros anticipados a largo plazo']"
4225,253.12,253.12,Factoraje financiero cobrados por anticipado a largo plazo extranjero parte relacionada,"[4213, '253 Cobros anticipados a largo plazo']"
4226,253.13,253.13,Arrendamiento financiero cobrados por anticipado a largo plazo nacional,"[4213, '253 Cobros anticipados a largo plazo']"
4227,253.14,253.14,Arrendamiento financiero cobrados por anticipado a largo plazo extranjero,"[4213, '253 Cobros anticipados a largo plazo']"
4228,253.15,253.15,Arrendamiento financiero cobrados por anticipado a largo plazo nacional parte relacionada,"[4213, '253 Cobros anticipados a largo plazo']"
4229,253.16,253.16,Arrendamiento financiero cobrados por anticipado a largo plazo extranjero parte relacionada,"[4213, '253 Cobros anticipados a largo plazo']"
4230,253.17,253.17,Derechos fiduciarios,"[4213, '253 Cobros anticipados a largo plazo']"
4231,253.18,253.18,Otros cobros anticipados,"[4213, '253 Cobros anticipados a largo plazo']"
4232,254,254,Instrumentos financieros a largo plazo,"[4079, '2 Pasivos']"
4233,254.01,254.01,Instrumentos financieros a largo plazo,"[4232, '254 Instrumentos financieros a largo plazo']"
4234,255,255,Pasivos por beneficios a los empleados a largo plazo,"[4079, '2 Pasivos']"
4235,255.01,255.01,Pasivos por beneficios a los empleados a largo plazo,"[4234, '255 Pasivos por beneficios a los empleados a largo plazo']"
4236,256,256,Otros pasivos a largo plazo,"[4079, '2 Pasivos']"
4237,256.01,256.01,Otros pasivos a largo plazo,"[4236, '256 Otros pasivos a largo plazo']"
4238,257,257,Participación de los trabajadores en las utilidades diferida,"[4079, '2 Pasivos']"
4239,257.01,257.01,Participación de los trabajadores en las utilidades diferida,"[4238, '257 Participación de los trabajadores en las utilidades diferida']"
4240,258,258,Obligaciones contraídas de fideicomisos,"[4079, '2 Pasivos']"
4241,258.01,258.01,Obligaciones contraídas de fideicomisos,"[4240, '258 Obligaciones contraídas de fideicomisos']"
4242,259,259,Impuestos diferidos,"[4079, '2 Pasivos']"
4243,259.01,259.01,ISR diferido,"[4242, '259 Impuestos diferidos']"
4244,259.02,259.02,ISR por dividendo diferido,"[4242, '259 Impuestos diferidos']"
4245,259.03,259.03,Otros impuestos diferidos,"[4242, '259 Impuestos diferidos']"
4246,260,260,Pasivos diferidos,"[4079, '2 Pasivos']"
4247,260.01,260.01,Pasivos diferidos,"[4246, '260 Pasivos diferidos']"
4248,3,3,Capital Contable,False
5079,3001.01,3001.01,Capital Social Fijo,False
5080,3001.02,3001.02,Capital Social Variable,False
5081,3002.01,3002.01,Superavit por revaluacion de activos,False
5082,3003.01,3003.01,Reserva Legal,False
5083,3004.01,3004.01,Resultado de ejercicios anteriores Transformacion,False
5084,3005.01,3005.01,Resultado de ejercicios anteriores Extraccion,False
5085,3008.01,3008.01,Resultado del ejercicio,False
5086,3009.01,3009.01,Retiro de Utilidades,False
4249,301,301,Capital social,"[4248, '3 Capital Contable']"
4250,301.01,301.01,Capital fijo,"[4249, '301 Capital social']"
4251,301.02,301.02,Capital variable,"[4249, '301 Capital social']"
4252,301.03,301.03,Aportaciones para futuros aumentos de capital,"[4249, '301 Capital social']"
4253,301.04,301.04,Prima en suscripción de acciones,"[4249, '301 Capital social']"
4254,301.05,301.05,Prima en suscripción de partes sociales,"[4249, '301 Capital social']"
5087,3010.01,3010.01,Revaluacion de Inventarios,False
4255,302,302,Patrimonio,"[4248, '3 Capital Contable']"
4256,302.01,302.01,Patrimonio,"[4255, '302 Patrimonio']"
4257,302.02,302.02,Aportación patrimonial,"[4255, '302 Patrimonio']"
4258,302.03,302.03,Déficit o remanente del ejercicio,"[4255, '302 Patrimonio']"
4259,303,303,Reserva legal,"[4248, '3 Capital Contable']"
4260,303.01,303.01,Reserva legal,"[4259, '303 Reserva legal']"
4261,304,304,Resultado de ejercicios anteriores,"[4248, '3 Capital Contable']"
4262,304.01,304.01,Utilidad de ejercicios anteriores,"[4261, '304 Resultado de ejercicios anteriores']"
4263,304.02,304.02,Pérdida de ejercicios anteriores,"[4261, '304 Resultado de ejercicios anteriores']"
4264,304.03,304.03,Resultado integral de ejercicios anteriores,"[4261, '304 Resultado de ejercicios anteriores']"
4265,304.04,304.04,Déficit o remanente de ejercicio anteriores,"[4261, '304 Resultado de ejercicios anteriores']"
4266,305,305,Resultado del ejercicio,"[4248, '3 Capital Contable']"
4267,305.01,305.01,Utilidad del ejercicio,"[4266, '305 Resultado del ejercicio']"
4268,305.02,305.02,Pérdida del ejercicio,"[4266, '305 Resultado del ejercicio']"
4269,305.03,305.03,Resultado integral,"[4266, '305 Resultado del ejercicio']"
4270,306,306,Otras cuentas de capital,"[4248, '3 Capital Contable']"
4271,306.01,306.01,Otras cuentas de capital,"[4270, '306 Otras cuentas de capital']"
4272,4,4,Ingresos,False
5088,4001.01,4001.01,Ventas Nacional,False
5089,4001.02,4001.02,Ventas Exportacion,False
4273,401,401,Ingresos,"[4272, '4 Ingresos']"
4274,401.01,401.01,Ventas y/o servicios gravados a la tasa general,"[4273, '401 Ingresos']"
4275,401.02,401.02,Ventas y/o servicios gravados a la tasa general de contado,"[4273, '401 Ingresos']"
4276,401.03,401.03,Ventas y/o servicios gravados a la tasa general a crédito,"[4273, '401 Ingresos']"
4277,401.04,401.04,Ventas y/o servicios gravados al 0%,"[4273, '401 Ingresos']"
4278,401.05,401.05,Ventas y/o servicios gravados al 0% de contado,"[4273, '401 Ingresos']"
4279,401.06,401.06,Ventas y/o servicios gravados al 0% a crédito,"[4273, '401 Ingresos']"
4280,401.07,401.07,Ventas y/o servicios exentos,"[4273, '401 Ingresos']"
4281,401.08,401.08,Ventas y/o servicios exentos de contado,"[4273, '401 Ingresos']"
4282,401.09,401.09,Ventas y/o servicios exentos a crédito,"[4273, '401 Ingresos']"
4283,401.10,401.10,Ventas y/o servicios gravados a la tasa general nacionales partes relacionadas,"[4273, '401 Ingresos']"
4284,401.11,401.11,Ventas y/o servicios gravados a la tasa general extranjeros partes relacionadas,"[4273, '401 Ingresos']"
4285,401.12,401.12,Ventas y/o servicios gravados al 0% nacionales partes relacionadas,"[4273, '401 Ingresos']"
4286,401.13,401.13,Ventas y/o servicios gravados al 0% extranjeros partes relacionadas,"[4273, '401 Ingresos']"
4287,401.14,401.14,Ventas y/o servicios exentos nacionales partes relacionadas,"[4273, '401 Ingresos']"
4288,401.15,401.15,Ventas y/o servicios exentos extranjeros partes relacionadas,"[4273, '401 Ingresos']"
4289,401.16,401.16,Ingresos por servicios administrativos,"[4273, '401 Ingresos']"
4290,401.17,401.17,Ingresos por servicios administrativos nacionales partes relacionadas,"[4273, '401 Ingresos']"
4291,401.18,401.18,Ingresos por servicios administrativos extranjeros partes relacionadas,"[4273, '401 Ingresos']"
4292,401.19,401.19,Ingresos por servicios profesionales,"[4273, '401 Ingresos']"
4293,401.20,401.20,Ingresos por servicios profesionales nacionales partes relacionadas,"[4273, '401 Ingresos']"
4294,401.21,401.21,Ingresos por servicios profesionales extranjeros partes relacionadas,"[4273, '401 Ingresos']"
4295,401.22,401.22,Ingresos por arrendamiento,"[4273, '401 Ingresos']"
4296,401.23,401.23,Ingresos por arrendamiento nacionales partes relacionadas,"[4273, '401 Ingresos']"
4297,401.24,401.24,Ingresos por arrendamiento extranjeros partes relacionadas,"[4273, '401 Ingresos']"
4298,401.25,401.25,Ingresos por exportación,"[4273, '401 Ingresos']"
4299,401.26,401.26,Ingresos por comisiones,"[4273, '401 Ingresos']"
4300,401.27,401.27,Ingresos por maquila,"[4273, '401 Ingresos']"
4301,401.28,401.28,Ingresos por coordinados,"[4273, '401 Ingresos']"
4302,401.29,401.29,Ingresos por regalías,"[4273, '401 Ingresos']"
4303,401.30,401.30,Ingresos por asistencia técnica,"[4273, '401 Ingresos']"
4304,401.31,401.31,Ingresos por donativos,"[4273, '401 Ingresos']"
4305,401.32,401.32,Ingresos por intereses (actividad propia),"[4273, '401 Ingresos']"
4306,401.33,401.33,Ingresos de copropiedad,"[4273, '401 Ingresos']"
4307,401.34,401.34,Ingresos por fideicomisos,"[4273, '401 Ingresos']"
4308,401.35,401.35,Ingresos por factoraje financiero,"[4273, '401 Ingresos']"
4309,401.36,401.36,Ingresos por arrendamiento financiero,"[4273, '401 Ingresos']"
4310,401.37,401.37,Ingresos de extranjeros con establecimiento en el país,"[4273, '401 Ingresos']"
4311,401.38,401.38,Otros ingresos propios,"[4273, '401 Ingresos']"
4312,401.39,401.39,Ventas y/o servicios gravados realizados en zona fronteriza norte,"[4273, '401 Ingresos']"
4313,401.40,401.40,Ventas y/o servicios gravados realizados en zona fronteriza norte de contado,"[4273, '401 Ingresos']"
4314,401.41,401.41,Ventas y/o servicios gravados realizados en zona fronteriza norte a crédito,"[4273, '401 Ingresos']"
4315,402,402,"Devoluciones, descuentos o bonificaciones sobre ingresos","[4272, '4 Ingresos']"
4316,402.01,402.01,"Devoluciones, descuentos o bonificaciones sobre ventas y/o servicios a la tasa general","[4315, '402 Devoluciones, descuentos o bonificaciones sobre ingresos']"
4317,402.02,402.02,"Devoluciones, descuentos o bonificaciones sobre ventas y/o servicios al 0%","[4315, '402 Devoluciones, descuentos o bonificaciones sobre ingresos']"
4318,402.03,402.03,"Devoluciones, descuentos o bonificaciones sobre ventas y/o servicios exentos","[4315, '402 Devoluciones, descuentos o bonificaciones sobre ingresos']"
4319,402.04,402.04,"Devoluciones, descuentos o bonificaciones de otros ingresos","[4315, '402 Devoluciones, descuentos o bonificaciones sobre ingresos']"
4320,402.05,402.05,"Devoluciones, descuentos o bonificaciones sobre ventas y/o servicios en zona fronteriza norte","[4315, '402 Devoluciones, descuentos o bonificaciones sobre ingresos']"
4321,403,403,Otros ingresos,"[4272, '4 Ingresos']"
4322,403.01,403.01,Otros Ingresos,"[4321, '403 Otros ingresos']"
4323,403.02,403.02,Otros ingresos nacionales parte relacionada,"[4321, '403 Otros ingresos']"
4324,403.03,403.03,Otros ingresos extranjeros parte relacionada,"[4321, '403 Otros ingresos']"
4325,403.04,403.04,Ingresos por operaciones discontinuas,"[4321, '403 Otros ingresos']"
4326,403.05,403.05,Ingresos por condonación de adeudo,"[4321, '403 Otros ingresos']"
4327,5,5,Costos,False
5090,5000.01,5000.01,Costo de Produccion,False
5091,5000.08,5000.08,Revaluacion Inventarios Puebla,False
5092,5000.09,5000.09,Revaluacion Inventarios XTM 1,False
5093,5000.10,5000.10,Revaluacion Inventario Xalapa,False
5094,5000.11,5000.11,Revaluacion Inventarios XTM 2,False
5095,5001,5001,Gastos de Fabricacion,False
4328,501,501,Costo de venta y/o servicio,"[4327, '5 Costos']"
4329,501.01,501.01,Costo de venta,"[4328, '501 Costo de venta y/o servicio']"
4330,501.02,501.02,Costo de servicios (Mano de obra),"[4328, '501 Costo de venta y/o servicio']"
4331,501.03,501.03,Materia prima directa utilizada para la producción,"[4328, '501 Costo de venta y/o servicio']"
4332,501.04,501.04,Materia prima consumida en el proceso productivo,"[4328, '501 Costo de venta y/o servicio']"
4333,501.05,501.05,Mano de obra directa consumida,"[4328, '501 Costo de venta y/o servicio']"
4334,501.06,501.06,Mano de obra directa,"[4328, '501 Costo de venta y/o servicio']"
4335,501.07,501.07,Cargos indirectos de producción,"[4328, '501 Costo de venta y/o servicio']"
4336,501.08,501.08,Otros conceptos de costo,"[4328, '501 Costo de venta y/o servicio']"
4337,502,502,Compras,"[4327, '5 Costos']"
4338,502.01,502.01,Compras nacionales,"[4337, '502 Compras']"
4339,502.02,502.02,Compras nacionales parte relacionada,"[4337, '502 Compras']"
4340,502.03,502.03,Compras de Importación,"[4337, '502 Compras']"
4341,502.04,502.04,Compras de Importación partes relacionadas,"[4337, '502 Compras']"
4342,503,503,"Devoluciones, descuentos o bonificaciones sobre compras","[4327, '5 Costos']"
4343,503.01,503.01,"Devoluciones, descuentos o bonificaciones sobre compras","[4342, '503 Devoluciones, descuentos o bonificaciones sobre compras']"
4344,504,504,Otras cuentas de costos,"[4327, '5 Costos']"
4345,504.01,504.01,Gastos indirectos de fabricación,"[4344, '504 Otras cuentas de costos']"
4346,504.02,504.02,Gastos indirectos de fabricación de partes relacionadas nacionales,"[4344, '504 Otras cuentas de costos']"
4347,504.03,504.03,Gastos indirectos de fabricación de partes relacionadas extranjeras,"[4344, '504 Otras cuentas de costos']"
4348,504.04,504.04,Otras cuentas de costos incurridos,"[4344, '504 Otras cuentas de costos']"
4349,504.05,504.05,Otras cuentas de costos incurridos con partes relacionadas nacionales,"[4344, '504 Otras cuentas de costos']"
4350,504.06,504.06,Otras cuentas de costos incurridos con partes relacionadas extranjeras,"[4344, '504 Otras cuentas de costos']"
4351,504.07,504.07,Depreciación de edificios,"[4344, '504 Otras cuentas de costos']"
4352,504.08,504.08,Depreciación de maquinaria y equipo,"[4344, '504 Otras cuentas de costos']"
4353,504.09,504.09,"Depreciación de automóviles, autobuses, camiones de carga, tractocamiones, montacargas y remolques","[4344, '504 Otras cuentas de costos']"
4354,504.10,504.10,Depreciación de mobiliario y equipo de oficina,"[4344, '504 Otras cuentas de costos']"
4355,504.11,504.11,Depreciación de equipo de cómputo,"[4344, '504 Otras cuentas de costos']"
4356,504.12,504.12,Depreciación de equipo de comunicación,"[4344, '504 Otras cuentas de costos']"
4357,504.13,504.13,"Depreciación de activos biológicos, vegetales y semovientes","[4344, '504 Otras cuentas de costos']"
4358,504.14,504.14,Depreciación de otros activos fijos,"[4344, '504 Otras cuentas de costos']"
4359,504.15,504.15,Depreciación de ferrocarriles,"[4344, '504 Otras cuentas de costos']"
4360,504.16,504.16,Depreciación de embarcaciones,"[4344, '504 Otras cuentas de costos']"
4361,504.17,504.17,Depreciación de aviones,"[4344, '504 Otras cuentas de costos']"
4362,504.18,504.18,"Depreciación de troqueles, moldes, matrices y herramental","[4344, '504 Otras cuentas de costos']"
4363,504.19,504.19,Depreciación de equipo de comunicaciones telefónicas,"[4344, '504 Otras cuentas de costos']"
4364,504.20,504.20,Depreciación de equipo de comunicación satelital,"[4344, '504 Otras cuentas de costos']"
4365,504.21,504.21,Depreciación de equipo de adaptaciones para personas con capacidades diferentes,"[4344, '504 Otras cuentas de costos']"
4366,504.22,504.22,Depreciación de maquinaria y equipo de generación de energía de fuentes renovables o de sistemas de cogeneración de electricidad eficiente,"[4344, '504 Otras cuentas de costos']"
4367,504.23,504.23,Depreciación de adaptaciones y mejoras,"[4344, '504 Otras cuentas de costos']"
4368,504.24,504.24,Depreciación de otra maquinaria y equipo,"[4344, '504 Otras cuentas de costos']"
4369,504.25,504.25,Otras cuentas de costos,"[4344, '504 Otras cuentas de costos']"
4370,505,505,Costo de activo fijo,"[4327, '5 Costos']"
4371,505.01,505.01,Costo por venta de activo fijo,"[4370, '505 Costo de activo fijo']"
4372,505.02,505.02,Costo por baja de activo fijo,"[4370, '505 Costo de activo fijo']"
4373,6,6,Gastos generales,False
5096,6001,6001,Gastos de Venta,False
5097,6004,6004,Gastos de Administracion,False
4374,601,601,Gastos generales,"[4373, '6 Gastos generales']"
4375,601.01,601.01,Sueldos y Salarios,"[4374, '601 Gastos generales']"
4376,601.02,601.02,Compensaciones,"[4374, '601 Gastos generales']"
4377,601.03,601.03,Tiempos extras,"[4374, '601 Gastos generales']"
4378,601.04,601.04,Premios de asistencia,"[4374, '601 Gastos generales']"
4379,601.05,601.05,Premios de puntualidad,"[4374, '601 Gastos generales']"
4380,601.06,601.06,Vacaciones,"[4374, '601 Gastos generales']"
4381,601.07,601.07,Prima vacacional,"[4374, '601 Gastos generales']"
4382,601.08,601.08,Prima dominical,"[4374, '601 Gastos generales']"
4383,601.09,601.09,Días festivos,"[4374, '601 Gastos generales']"
4384,601.10,601.10,Gratificaciones,"[4374, '601 Gastos generales']"
4385,601.11,601.11,Primas de antigüedad,"[4374, '601 Gastos generales']"
4386,601.12,601.12,Aguinaldo,"[4374, '601 Gastos generales']"
4387,601.13,601.13,Indemnizaciones,"[4374, '601 Gastos generales']"
4388,601.14,601.14,Destajo,"[4374, '601 Gastos generales']"
4389,601.15,601.15,Despensa,"[4374, '601 Gastos generales']"
4390,601.16,601.16,Transporte,"[4374, '601 Gastos generales']"
4391,601.17,601.17,Servicio médico,"[4374, '601 Gastos generales']"
4392,601.18,601.18,Ayuda en gastos funerarios,"[4374, '601 Gastos generales']"
4393,601.19,601.19,Fondo de ahorro,"[4374, '601 Gastos generales']"
4394,601.20,601.20,Cuotas sindicales,"[4374, '601 Gastos generales']"
4395,601.21,601.21,PTU,"[4374, '601 Gastos generales']"
4396,601.22,601.22,Estímulo al personal,"[4374, '601 Gastos generales']"
4397,601.23,601.23,Previsión social,"[4374, '601 Gastos generales']"
4398,601.24,601.24,Aportaciones para el plan de jubilación,"[4374, '601 Gastos generales']"
4399,601.25,601.25,Otras prestaciones al personal,"[4374, '601 Gastos generales']"
4400,601.26,601.26,Cuotas al IMSS,"[4374, '601 Gastos generales']"
4401,601.27,601.27,Aportaciones al infonavit,"[4374, '601 Gastos generales']"
4402,601.28,601.28,Aportaciones al SAR,"[4374, '601 Gastos generales']"
4403,601.29,601.29,Impuesto estatal sobre nóminas,"[4374, '601 Gastos generales']"
4404,601.30,601.30,Otras aportaciones,"[4374, '601 Gastos generales']"
4405,601.31,601.31,Asimilados a salarios,"[4374, '601 Gastos generales']"
4406,601.32,601.32,Servicios administrativos,"[4374, '601 Gastos generales']"
4407,601.33,601.33,Servicios administrativos partes relacionadas,"[4374, '601 Gastos generales']"
4408,601.34,601.34,Honorarios a personas físicas residentes nacionales,"[4374, '601 Gastos generales']"
4409,601.35,601.35,Honorarios a personas físicas residentes nacionales partes relacionadas,"[4374, '601 Gastos generales']"
4410,601.36,601.36,Honorarios a personas físicas residentes del extranjero,"[4374, '601 Gastos generales']"
4411,601.37,601.37,Honorarios a personas físicas residentes del extranjero partes relacionadas,"[4374, '601 Gastos generales']"
4412,601.38,601.38,Honorarios a personas morales residentes nacionales,"[4374, '601 Gastos generales']"
4413,601.39,601.39,Honorarios a personas morales residentes nacionales partes relacionadas,"[4374, '601 Gastos generales']"
4414,601.40,601.40,Honorarios a personas morales residentes del extranjero,"[4374, '601 Gastos generales']"
4415,601.41,601.41,Honorarios a personas morales residentes del extranjero partes relacionadas,"[4374, '601 Gastos generales']"
4416,601.42,601.42,Honorarios aduanales personas físicas,"[4374, '601 Gastos generales']"
4417,601.43,601.43,Honorarios aduanales personas morales,"[4374, '601 Gastos generales']"
4418,601.44,601.44,Honorarios al consejo de administración,"[4374, '601 Gastos generales']"
4419,601.45,601.45,Arrendamiento a personas físicas residentes nacionales,"[4374, '601 Gastos generales']"
4420,601.46,601.46,Arrendamiento a personas morales residentes nacionales,"[4374, '601 Gastos generales']"
4421,601.47,601.47,Arrendamiento a residentes del extranjero,"[4374, '601 Gastos generales']"
4422,601.48,601.48,Combustibles y lubricantes,"[4374, '601 Gastos generales']"
4423,601.49,601.49,Viáticos y gastos de viaje,"[4374, '601 Gastos generales']"
4424,601.50,601.50,"Teléfono, internet","[4374, '601 Gastos generales']"
4425,601.51,601.51,Agua,"[4374, '601 Gastos generales']"
4426,601.52,601.52,Energía eléctrica,"[4374, '601 Gastos generales']"
4427,601.53,601.53,Vigilancia y seguridad,"[4374, '601 Gastos generales']"
4428,601.54,601.54,Limpieza,"[4374, '601 Gastos generales']"
4429,601.55,601.55,Papelería y artículos de oficina,"[4374, '601 Gastos generales']"
4430,601.56,601.56,Mantenimiento y conservación,"[4374, '601 Gastos generales']"
4431,601.57,601.57,Seguros y fianzas,"[4374, '601 Gastos generales']"
4432,601.58,601.58,Otros impuestos y derechos,"[4374, '601 Gastos generales']"
4433,601.59,601.59,Recargos fiscales,"[4374, '601 Gastos generales']"
4434,601.60,601.60,Cuotas y suscripciones,"[4374, '601 Gastos generales']"
4435,601.61,601.61,Propaganda y publicidad,"[4374, '601 Gastos generales']"
4436,601.62,601.62,Capacitación al personal,"[4374, '601 Gastos generales']"
4437,601.63,601.63,Donativos y ayudas,"[4374, '601 Gastos generales']"
4438,601.64,601.64,Asistencia técnica,"[4374, '601 Gastos generales']"
4439,601.65,601.65,Regalías sujetas a otros porcentajes,"[4374, '601 Gastos generales']"
4440,601.66,601.66,Regalías sujetas al 5%,"[4374, '601 Gastos generales']"
4441,601.67,601.67,Regalías sujetas al 10%,"[4374, '601 Gastos generales']"
4442,601.68,601.68,Regalías sujetas al 15%,"[4374, '601 Gastos generales']"
4443,601.69,601.69,Regalías sujetas al 25%,"[4374, '601 Gastos generales']"
4444,601.70,601.70,Regalías sujetas al 30%,"[4374, '601 Gastos generales']"
4445,601.71,601.71,Regalías sin retención,"[4374, '601 Gastos generales']"
4446,601.72,601.72,Fletes y acarreos,"[4374, '601 Gastos generales']"
4447,601.73,601.73,Gastos de importación,"[4374, '601 Gastos generales']"
4448,601.74,601.74,Comisiones sobre ventas,"[4374, '601 Gastos generales']"
4449,601.75,601.75,Comisiones por tarjetas de crédito,"[4374, '601 Gastos generales']"
4450,601.76,601.76,Patentes y marcas,"[4374, '601 Gastos generales']"
4451,601.77,601.77,Uniformes,"[4374, '601 Gastos generales']"
4452,601.78,601.78,Prediales,"[4374, '601 Gastos generales']"
4453,601.79,601.79,Gastos generales de urbanización,"[4374, '601 Gastos generales']"
4454,601.80,601.80,Gastos generales de construcción,"[4374, '601 Gastos generales']"
4455,601.81,601.81,Fletes del extranjero,"[4374, '601 Gastos generales']"
4456,601.82,601.82,Recolección de bienes del sector agropecuario y/o ganadero,"[4374, '601 Gastos generales']"
4457,601.83,601.83,Gastos no deducibles (sin requisitos fiscales),"[4374, '601 Gastos generales']"
4458,601.84,601.84,Otros gastos generales,"[4374, '601 Gastos generales']"
4459,602,602,Costo de venta,"[4373, '6 Gastos generales']"
4460,602.01,602.01,Sueldos y Salarios,"[4459, '602 Costo de venta']"
4461,602.02,602.02,Compensaciones,"[4459, '602 Costo de venta']"
4462,602.03,602.03,Tiempos extras,"[4459, '602 Costo de venta']"
4463,602.04,602.04,Premios de asistencia,"[4459, '602 Costo de venta']"
4464,602.05,602.05,Premios de puntualidad,"[4459, '602 Costo de venta']"
4465,602.06,602.06,Vacaciones,"[4459, '602 Costo de venta']"
4466,602.07,602.07,Prima vacacional,"[4459, '602 Costo de venta']"
4467,602.08,602.08,Prima dominical,"[4459, '602 Costo de venta']"
4468,602.09,602.09,Días festivos,"[4459, '602 Costo de venta']"
4469,602.10,602.10,Gratificaciones,"[4459, '602 Costo de venta']"
4470,602.11,602.11,Primas de antigüedad,"[4459, '602 Costo de venta']"
4471,602.12,602.12,Aguinaldo,"[4459, '602 Costo de venta']"
4472,602.13,602.13,Indemnizaciones,"[4459, '602 Costo de venta']"
4473,602.14,602.14,Destajo,"[4459, '602 Costo de venta']"
4474,602.15,602.15,Despensa,"[4459, '602 Costo de venta']"
4475,602.16,602.16,Transporte,"[4459, '602 Costo de venta']"
4476,602.17,602.17,Servicio médico,"[4459, '602 Costo de venta']"
4477,602.18,602.18,Ayuda en gastos funerarios,"[4459, '602 Costo de venta']"
4478,602.19,602.19,Fondo de ahorro,"[4459, '602 Costo de venta']"
4479,602.20,602.20,Cuotas sindicales,"[4459, '602 Costo de venta']"
4480,602.21,602.21,PTU,"[4459, '602 Costo de venta']"
4481,602.22,602.22,Estímulo al personal,"[4459, '602 Costo de venta']"
4482,602.23,602.23,Previsión social,"[4459, '602 Costo de venta']"
4483,602.24,602.24,Aportaciones para el plan de jubilación,"[4459, '602 Costo de venta']"
4484,602.25,602.25,Otras prestaciones al personal,"[4459, '602 Costo de venta']"
4485,602.26,602.26,Cuotas al IMSS,"[4459, '602 Costo de venta']"
4486,602.27,602.27,Aportaciones al infonavit,"[4459, '602 Costo de venta']"
4487,602.28,602.28,Aportaciones al SAR,"[4459, '602 Costo de venta']"
4488,602.29,602.29,Impuesto estatal sobre nóminas,"[4459, '602 Costo de venta']"
4489,602.30,602.30,Otras aportaciones,"[4459, '602 Costo de venta']"
4490,602.31,602.31,Asimilados a salarios,"[4459, '602 Costo de venta']"
4491,602.32,602.32,Servicios administrativos,"[4459, '602 Costo de venta']"
4492,602.33,602.33,Servicios administrativos partes relacionadas,"[4459, '602 Costo de venta']"
4493,602.34,602.34,Honorarios a personas físicas residentes nacionales,"[4459, '602 Costo de venta']"
4494,602.35,602.35,Honorarios a personas físicas residentes nacionales partes relacionadas,"[4459, '602 Costo de venta']"
4495,602.36,602.36,Honorarios a personas físicas residentes del extranjero,"[4459, '602 Costo de venta']"
4496,602.37,602.37,Honorarios a personas físicas residentes del extranjero partes relacionadas,"[4459, '602 Costo de venta']"
4497,602.38,602.38,Honorarios a personas morales residentes nacionales,"[4459, '602 Costo de venta']"
4498,602.39,602.39,Honorarios a personas morales residentes nacionales partes relacionadas,"[4459, '602 Costo de venta']"
4499,602.40,602.40,Honorarios a personas morales residentes del extranjero,"[4459, '602 Costo de venta']"
4500,602.41,602.41,Honorarios a personas morales residentes del extranjero partes relacionadas,"[4459, '602 Costo de venta']"
4501,602.42,602.42,Honorarios aduanales personas físicas,"[4459, '602 Costo de venta']"
4502,602.43,602.43,Honorarios aduanales personas morales,"[4459, '602 Costo de venta']"
4503,602.44,602.44,Honorarios al consejo de administración,"[4459, '602 Costo de venta']"
4504,602.45,602.45,Arrendamiento a personas físicas residentes nacionales,"[4459, '602 Costo de venta']"
4505,602.46,602.46,Arrendamiento a personas morales residentes nacionales,"[4459, '602 Costo de venta']"
4506,602.47,602.47,Arrendamiento a residentes del extranjero,"[4459, '602 Costo de venta']"
4507,602.48,602.48,Combustibles y lubricantes,"[4459, '602 Costo de venta']"
4508,602.49,602.49,Viáticos y gastos de viaje,"[4459, '602 Costo de venta']"
4509,602.50,602.50,"Teléfono, internet","[4459, '602 Costo de venta']"
4510,602.51,602.51,Agua,"[4459, '602 Costo de venta']"
4511,602.52,602.52,Energía eléctrica,"[4459, '602 Costo de venta']"
4512,602.53,602.53,Vigilancia y seguridad,"[4459, '602 Costo de venta']"
4513,602.54,602.54,Limpieza,"[4459, '602 Costo de venta']"
4514,602.55,602.55,Papelería y artículos de oficina,"[4459, '602 Costo de venta']"
4515,602.56,602.56,Mantenimiento y conservación,"[4459, '602 Costo de venta']"
4516,602.57,602.57,Seguros y fianzas,"[4459, '602 Costo de venta']"
4517,602.58,602.58,Otros impuestos y derechos,"[4459, '602 Costo de venta']"
4518,602.59,602.59,Recargos fiscales,"[4459, '602 Costo de venta']"
4519,602.60,602.60,Cuotas y suscripciones,"[4459, '602 Costo de venta']"
4520,602.61,602.61,Propaganda y publicidad,"[4459, '602 Costo de venta']"
4521,602.62,602.62,Capacitación al personal,"[4459, '602 Costo de venta']"
4522,602.63,602.63,Donativos y ayudas,"[4459, '602 Costo de venta']"
4523,602.64,602.64,Asistencia técnica,"[4459, '602 Costo de venta']"
4524,602.65,602.65,Regalías sujetas a otros porcentajes,"[4459, '602 Costo de venta']"
4525,602.66,602.66,Regalías sujetas al 5%,"[4459, '602 Costo de venta']"
4526,602.67,602.67,Regalías sujetas al 10%,"[4459, '602 Costo de venta']"
4527,602.68,602.68,Regalías sujetas al 15%,"[4459, '602 Costo de venta']"
4528,602.69,602.69,Regalías sujetas al 25%,"[4459, '602 Costo de venta']"
4529,602.70,602.70,Regalías sujetas al 30%,"[4459, '602 Costo de venta']"
4530,602.71,602.71,Regalías sin retención,"[4459, '602 Costo de venta']"
4531,602.72,602.72,Fletes y acarreos,"[4459, '602 Costo de venta']"
4532,602.73,602.73,Gastos de importación,"[4459, '602 Costo de venta']"
4533,602.74,602.74,Comisiones sobre ventas,"[4459, '602 Costo de venta']"
4534,602.75,602.75,Comisiones por tarjetas de crédito,"[4459, '602 Costo de venta']"
4535,602.76,602.76,Patentes y marcas,"[4459, '602 Costo de venta']"
4536,602.77,602.77,Uniformes,"[4459, '602 Costo de venta']"
4537,602.78,602.78,Prediales,"[4459, '602 Costo de venta']"
4538,602.79,602.79,Gastos de venta de urbanización,"[4459, '602 Costo de venta']"
4539,602.80,602.80,Gastos de venta de construcción,"[4459, '602 Costo de venta']"
4540,602.81,602.81,Fletes del extranjero,"[4459, '602 Costo de venta']"
4541,602.82,602.82,Recolección de bienes del sector agropecuario y/o ganadero,"[4459, '602 Costo de venta']"
4542,602.83,602.83,Gastos no deducibles (sin requisitos fiscales),"[4459, '602 Costo de venta']"
4543,602.84,602.84,Otros gastos de venta,"[4459, '602 Costo de venta']"
4544,603,603,Gastos de administración,"[4373, '6 Gastos generales']"
4545,603.01,603.01,Sueldos y Salarios,"[4544, '603 Gastos de administración']"
4546,603.02,603.02,Compensaciones,"[4544, '603 Gastos de administración']"
4547,603.03,603.03,Tiempos extras,"[4544, '603 Gastos de administración']"
4548,603.04,603.04,Premios de asistencia,"[4544, '603 Gastos de administración']"
4549,603.05,603.05,Premios de puntualidad,"[4544, '603 Gastos de administración']"
4550,603.06,603.06,Vacaciones,"[4544, '603 Gastos de administración']"
4551,603.07,603.07,Prima vacacional,"[4544, '603 Gastos de administración']"
4552,603.08,603.08,Prima dominical,"[4544, '603 Gastos de administración']"
4553,603.09,603.09,Días festivos,"[4544, '603 Gastos de administración']"
4554,603.10,603.10,Gratificaciones,"[4544, '603 Gastos de administración']"
4555,603.11,603.11,Primas de antigüedad,"[4544, '603 Gastos de administración']"
4556,603.12,603.12,Aguinaldo,"[4544, '603 Gastos de administración']"
4557,603.13,603.13,Indemnizaciones,"[4544, '603 Gastos de administración']"
4558,603.14,603.14,Destajo,"[4544, '603 Gastos de administración']"
4559,603.15,603.15,Despensa,"[4544, '603 Gastos de administración']"
4560,603.16,603.16,Transporte,"[4544, '603 Gastos de administración']"
4561,603.17,603.17,Servicio médico,"[4544, '603 Gastos de administración']"
4562,603.18,603.18,Ayuda en gastos funerarios,"[4544, '603 Gastos de administración']"
4563,603.19,603.19,Fondo de ahorro,"[4544, '603 Gastos de administración']"
4564,603.20,603.20,Cuotas sindicales,"[4544, '603 Gastos de administración']"
4565,603.21,603.21,PTU,"[4544, '603 Gastos de administración']"
4566,603.22,603.22,Estímulo al personal,"[4544, '603 Gastos de administración']"
4567,603.23,603.23,Previsión social,"[4544, '603 Gastos de administración']"
4568,603.24,603.24,Aportaciones para el plan de jubilación,"[4544, '603 Gastos de administración']"
4569,603.25,603.25,Otras prestaciones al personal,"[4544, '603 Gastos de administración']"
4570,603.26,603.26,Cuotas al IMSS,"[4544, '603 Gastos de administración']"
4571,603.27,603.27,Aportaciones al infonavit,"[4544, '603 Gastos de administración']"
4572,603.28,603.28,Aportaciones al SAR,"[4544, '603 Gastos de administración']"
4573,603.29,603.29,Impuesto estatal sobre nóminas,"[4544, '603 Gastos de administración']"
4574,603.30,603.30,Otras aportaciones,"[4544, '603 Gastos de administración']"
4575,603.31,603.31,Asimilados a salarios,"[4544, '603 Gastos de administración']"
4576,603.32,603.32,Servicios administrativos,"[4544, '603 Gastos de administración']"
4577,603.33,603.33,Servicios administrativos partes relacionadas,"[4544, '603 Gastos de administración']"
4578,603.34,603.34,Honorarios a personas físicas residentes nacionales,"[4544, '603 Gastos de administración']"
4579,603.35,603.35,Honorarios a personas físicas residentes nacionales partes relacionadas,"[4544, '603 Gastos de administración']"
4580,603.36,603.36,Honorarios a personas físicas residentes del extranjero,"[4544, '603 Gastos de administración']"
4581,603.37,603.37,Honorarios a personas físicas residentes del extranjero partes relacionadas,"[4544, '603 Gastos de administración']"
4582,603.38,603.38,Honorarios a personas morales residentes nacionales,"[4544, '603 Gastos de administración']"
4583,603.39,603.39,Honorarios a personas morales residentes nacionales partes relacionadas,"[4544, '603 Gastos de administración']"
4584,603.40,603.40,Honorarios a personas morales residentes del extranjero,"[4544, '603 Gastos de administración']"
4585,603.41,603.41,Honorarios a personas morales residentes del extranjero partes relacionadas,"[4544, '603 Gastos de administración']"
4586,603.42,603.42,Honorarios aduanales personas físicas,"[4544, '603 Gastos de administración']"
4587,603.43,603.43,Honorarios aduanales personas morales,"[4544, '603 Gastos de administración']"
4588,603.44,603.44,Honorarios al consejo de administración,"[4544, '603 Gastos de administración']"
4589,603.45,603.45,Arrendamiento a personas físicas residentes nacionales,"[4544, '603 Gastos de administración']"
4590,603.46,603.46,Arrendamiento a personas morales residentes nacionales,"[4544, '603 Gastos de administración']"
4591,603.47,603.47,Arrendamiento a residentes del extranjero,"[4544, '603 Gastos de administración']"
4592,603.48,603.48,Combustibles y lubricantes,"[4544, '603 Gastos de administración']"
4593,603.49,603.49,Viáticos y gastos de viaje,"[4544, '603 Gastos de administración']"
4594,603.50,603.50,"Teléfono, internet","[4544, '603 Gastos de administración']"
4595,603.51,603.51,Agua,"[4544, '603 Gastos de administración']"
4596,603.52,603.52,Energía eléctrica,"[4544, '603 Gastos de administración']"
4597,603.53,603.53,Vigilancia y seguridad,"[4544, '603 Gastos de administración']"
4598,603.54,603.54,Limpieza,"[4544, '603 Gastos de administración']"
4599,603.55,603.55,Papelería y artículos de oficina,"[4544, '603 Gastos de administración']"
4600,603.56,603.56,Mantenimiento y conservación,"[4544, '603 Gastos de administración']"
4601,603.57,603.57,Seguros y fianzas,"[4544, '603 Gastos de administración']"
4602,603.58,603.58,Otros impuestos y derechos,"[4544, '603 Gastos de administración']"
4603,603.59,603.59,Recargos fiscales,"[4544, '603 Gastos de administración']"
4604,603.60,603.60,Cuotas y suscripciones,"[4544, '603 Gastos de administración']"
4605,603.61,603.61,Propaganda y publicidad,"[4544, '603 Gastos de administración']"
4606,603.62,603.62,Capacitación al personal,"[4544, '603 Gastos de administración']"
4607,603.63,603.63,Donativos y ayudas,"[4544, '603 Gastos de administración']"
4608,603.64,603.64,Asistencia técnica,"[4544, '603 Gastos de administración']"
4609,603.65,603.65,Regalías sujetas a otros porcentajes,"[4544, '603 Gastos de administración']"
4610,603.66,603.66,Regalías sujetas al 5%,"[4544, '603 Gastos de administración']"
4611,603.67,603.67,Regalías sujetas al 10%,"[4544, '603 Gastos de administración']"
4612,603.68,603.68,Regalías sujetas al 15%,"[4544, '603 Gastos de administración']"
4613,603.69,603.69,Regalías sujetas al 25%,"[4544, '603 Gastos de administración']"
4614,603.70,603.70,Regalías sujetas al 30%,"[4544, '603 Gastos de administración']"
4615,603.71,603.71,Regalías sin retención,"[4544, '603 Gastos de administración']"
4616,603.72,603.72,Fletes y acarreos,"[4544, '603 Gastos de administración']"
4617,603.73,603.73,Gastos de importación,"[4544, '603 Gastos de administración']"
4618,603.74,603.74,Patentes y marcas,"[4544, '603 Gastos de administración']"
4619,603.75,603.75,Uniformes,"[4544, '603 Gastos de administración']"
4620,603.76,603.76,Prediales,"[4544, '603 Gastos de administración']"
4621,603.77,603.77,Gastos de administración de urbanización,"[4544, '603 Gastos de administración']"
4622,603.78,603.78,Gastos de administración de construcción,"[4544, '603 Gastos de administración']"
4623,603.79,603.79,Fletes del extranjero,"[4544, '603 Gastos de administración']"
4624,603.80,603.80,Recolección de bienes del sector agropecuario y/o ganadero,"[4544, '603 Gastos de administración']"
4625,603.81,603.81,Gastos no deducibles (sin requisitos fiscales),"[4544, '603 Gastos de administración']"
4626,603.82,603.82,Otros gastos de administración,"[4544, '603 Gastos de administración']"
4627,604,604,Gastos de fabricación,"[4373, '6 Gastos generales']"
4628,604.01,604.01,Sueldos y Salarios,"[4627, '604 Gastos de fabricación']"
4629,604.02,604.02,Compensaciones,"[4627, '604 Gastos de fabricación']"
4630,604.03,604.03,Tiempos extras,"[4627, '604 Gastos de fabricación']"
4631,604.04,604.04,Premios de asistencia,"[4627, '604 Gastos de fabricación']"
4632,604.05,604.05,Premios de puntualidad,"[4627, '604 Gastos de fabricación']"
4633,604.06,604.06,Vacaciones,"[4627, '604 Gastos de fabricación']"
4634,604.07,604.07,Prima vacacional,"[4627, '604 Gastos de fabricación']"
4635,604.08,604.08,Prima dominical,"[4627, '604 Gastos de fabricación']"
4636,604.09,604.09,Días festivos,"[4627, '604 Gastos de fabricación']"
4637,604.10,604.10,Gratificaciones,"[4627, '604 Gastos de fabricación']"
4638,604.11,604.11,Primas de antigüedad,"[4627, '604 Gastos de fabricación']"
4639,604.12,604.12,Aguinaldo,"[4627, '604 Gastos de fabricación']"
4640,604.13,604.13,Indemnizaciones,"[4627, '604 Gastos de fabricación']"
4641,604.14,604.14,Destajo,"[4627, '604 Gastos de fabricación']"
4642,604.15,604.15,Despensa,"[4627, '604 Gastos de fabricación']"
4643,604.16,604.16,Transporte,"[4627, '604 Gastos de fabricación']"
4644,604.17,604.17,Servicio médico,"[4627, '604 Gastos de fabricación']"
4645,604.18,604.18,Ayuda en gastos funerarios,"[4627, '604 Gastos de fabricación']"
4646,604.19,604.19,Fondo de ahorro,"[4627, '604 Gastos de fabricación']"
4647,604.20,604.20,Cuotas sindicales,"[4627, '604 Gastos de fabricación']"
4648,604.21,604.21,PTU,"[4627, '604 Gastos de fabricación']"
4649,604.22,604.22,Estímulo al personal,"[4627, '604 Gastos de fabricación']"
4650,604.23,604.23,Previsión social,"[4627, '604 Gastos de fabricación']"
4651,604.24,604.24,Aportaciones para el plan de jubilación,"[4627, '604 Gastos de fabricación']"
4652,604.25,604.25,Otras prestaciones al personal,"[4627, '604 Gastos de fabricación']"
4653,604.26,604.26,Cuotas al IMSS,"[4627, '604 Gastos de fabricación']"
4654,604.27,604.27,Aportaciones al infonavit,"[4627, '604 Gastos de fabricación']"
4655,604.28,604.28,Aportaciones al SAR,"[4627, '604 Gastos de fabricación']"
4656,604.29,604.29,Impuesto estatal sobre nóminas,"[4627, '604 Gastos de fabricación']"
4657,604.30,604.30,Otras aportaciones,"[4627, '604 Gastos de fabricación']"
4658,604.31,604.31,Asimilados a salarios,"[4627, '604 Gastos de fabricación']"
4659,604.32,604.32,Servicios administrativos,"[4627, '604 Gastos de fabricación']"
4660,604.33,604.33,Servicios administrativos partes relacionadas,"[4627, '604 Gastos de fabricación']"
4661,604.34,604.34,Honorarios a personas físicas residentes nacionales,"[4627, '604 Gastos de fabricación']"
4662,604.35,604.35,Honorarios a personas físicas residentes nacionales partes relacionadas,"[4627, '604 Gastos de fabricación']"
4663,604.36,604.36,Honorarios a personas físicas residentes del extranjero,"[4627, '604 Gastos de fabricación']"
4664,604.37,604.37,Honorarios a personas físicas residentes del extranjero partes relacionadas,"[4627, '604 Gastos de fabricación']"
4665,604.38,604.38,Honorarios a personas morales residentes nacionales,"[4627, '604 Gastos de fabricación']"
4666,604.39,604.39,Honorarios a personas morales residentes nacionales partes relacionadas,"[4627, '604 Gastos de fabricación']"
4667,604.40,604.40,Honorarios a personas morales residentes del extranjero,"[4627, '604 Gastos de fabricación']"
4668,604.41,604.41,Honorarios a personas morales residentes del extranjero partes relacionadas,"[4627, '604 Gastos de fabricación']"
4669,604.42,604.42,Honorarios aduanales personas físicas,"[4627, '604 Gastos de fabricación']"
4670,604.43,604.43,Honorarios aduanales personas morales,"[4627, '604 Gastos de fabricación']"
4671,604.44,604.44,Honorarios al consejo de administración,"[4627, '604 Gastos de fabricación']"
4672,604.45,604.45,Arrendamiento a personas físicas residentes nacionales,"[4627, '604 Gastos de fabricación']"
4673,604.46,604.46,Arrendamiento a personas morales residentes nacionales,"[4627, '604 Gastos de fabricación']"
4674,604.47,604.47,Arrendamiento a residentes del extranjero,"[4627, '604 Gastos de fabricación']"
4675,604.48,604.48,Combustibles y lubricantes,"[4627, '604 Gastos de fabricación']"
4676,604.49,604.49,Viáticos y gastos de viaje,"[4627, '604 Gastos de fabricación']"
4677,604.50,604.50,"Teléfono, internet","[4627, '604 Gastos de fabricación']"
4678,604.51,604.51,Agua,"[4627, '604 Gastos de fabricación']"
4679,604.52,604.52,Energía eléctrica,"[4627, '604 Gastos de fabricación']"
4680,604.53,604.53,Vigilancia y seguridad,"[4627, '604 Gastos de fabricación']"
4681,604.54,604.54,Limpieza,"[4627, '604 Gastos de fabricación']"
4682,604.55,604.55,Papelería y artículos de oficina,"[4627, '604 Gastos de fabricación']"
4683,604.56,604.56,Mantenimiento y conservación,"[4627, '604 Gastos de fabricación']"
4684,604.57,604.57,Seguros y fianzas,"[4627, '604 Gastos de fabricación']"
4685,604.58,604.58,Otros impuestos y derechos,"[4627, '604 Gastos de fabricación']"
4686,604.59,604.59,Recargos fiscales,"[4627, '604 Gastos de fabricación']"
4687,604.60,604.60,Cuotas y suscripciones,"[4627, '604 Gastos de fabricación']"
4688,604.61,604.61,Propaganda y publicidad,"[4627, '604 Gastos de fabricación']"
4689,604.62,604.62,Capacitación al personal,"[4627, '604 Gastos de fabricación']"
4690,604.63,604.63,Donativos y ayudas,"[4627, '604 Gastos de fabricación']"
4691,604.64,604.64,Asistencia técnica,"[4627, '604 Gastos de fabricación']"
4692,604.65,604.65,Regalías sujetas a otros porcentajes,"[4627, '604 Gastos de fabricación']"
4693,604.66,604.66,Regalías sujetas al 5%,"[4627, '604 Gastos de fabricación']"
4694,604.67,604.67,Regalías sujetas al 10%,"[4627, '604 Gastos de fabricación']"
4695,604.68,604.68,Regalías sujetas al 15%,"[4627, '604 Gastos de fabricación']"
4696,604.69,604.69,Regalías sujetas al 25%,"[4627, '604 Gastos de fabricación']"
4697,604.70,604.70,Regalías sujetas al 30%,"[4627, '604 Gastos de fabricación']"
4698,604.71,604.71,Regalías sin retención,"[4627, '604 Gastos de fabricación']"
4699,604.72,604.72,Fletes y acarreos,"[4627, '604 Gastos de fabricación']"
4700,604.73,604.73,Gastos de importación,"[4627, '604 Gastos de fabricación']"
4701,604.74,604.74,Patentes y marcas,"[4627, '604 Gastos de fabricación']"
4702,604.75,604.75,Uniformes,"[4627, '604 Gastos de fabricación']"
4703,604.76,604.76,Prediales,"[4627, '604 Gastos de fabricación']"
4704,604.77,604.77,Gastos de fabricación de urbanización,"[4627, '604 Gastos de fabricación']"
4705,604.78,604.78,Gastos de fabricación de construcción,"[4627, '604 Gastos de fabricación']"
4706,604.79,604.79,Fletes del extranjero,"[4627, '604 Gastos de fabricación']"
4707,604.80,604.80,Recolección de bienes del sector agropecuario y/o ganadero,"[4627, '604 Gastos de fabricación']"
4708,604.81,604.81,Gastos no deducibles (sin requisitos fiscales),"[4627, '604 Gastos de fabricación']"
4709,604.82,604.82,Otros gastos de fabricación,"[4627, '604 Gastos de fabricación']"
4710,605,605,Mano de obra directa,"[4373, '6 Gastos generales']"
4711,605.01,605.01,Mano de obra,"[4710, '605 Mano de obra directa']"
4712,605.02,605.02,Sueldos y Salarios,"[4710, '605 Mano de obra directa']"
4713,605.03,605.03,Compensaciones,"[4710, '605 Mano de obra directa']"
4714,605.04,605.04,Tiempos extras,"[4710, '605 Mano de obra directa']"
4715,605.05,605.05,Premios de asistencia,"[4710, '605 Mano de obra directa']"
4716,605.06,605.06,Premios de puntualidad,"[4710, '605 Mano de obra directa']"
4717,605.07,605.07,Vacaciones,"[4710, '605 Mano de obra directa']"
4718,605.08,605.08,Prima vacacional,"[4710, '605 Mano de obra directa']"
4719,605.09,605.09,Prima dominical,"[4710, '605 Mano de obra directa']"
4720,605.10,605.10,Días festivos,"[4710, '605 Mano de obra directa']"
4721,605.11,605.11,Gratificaciones,"[4710, '605 Mano de obra directa']"
4722,605.12,605.12,Primas de antigüedad,"[4710, '605 Mano de obra directa']"
4723,605.13,605.13,Aguinaldo,"[4710, '605 Mano de obra directa']"
4724,605.14,605.14,Indemnizaciones,"[4710, '605 Mano de obra directa']"
4725,605.15,605.15,Destajo,"[4710, '605 Mano de obra directa']"
4726,605.16,605.16,Despensa,"[4710, '605 Mano de obra directa']"
4727,605.17,605.17,Transporte,"[4710, '605 Mano de obra directa']"
4728,605.18,605.18,Servicio médico,"[4710, '605 Mano de obra directa']"
4729,605.19,605.19,Ayuda en gastos funerarios,"[4710, '605 Mano de obra directa']"
4730,605.20,605.20,Fondo de ahorro,"[4710, '605 Mano de obra directa']"
4731,605.21,605.21,Cuotas sindicales,"[4710, '605 Mano de obra directa']"
4732,605.22,605.22,PTU,"[4710, '605 Mano de obra directa']"
4733,605.23,605.23,Estímulo al personal,"[4710, '605 Mano de obra directa']"
4734,605.24,605.24,Previsión social,"[4710, '605 Mano de obra directa']"
4735,605.25,605.25,Aportaciones para el plan de jubilación,"[4710, '605 Mano de obra directa']"
4736,605.26,605.26,Otras prestaciones al personal,"[4710, '605 Mano de obra directa']"
4737,605.27,605.27,Asimilados a salarios,"[4710, '605 Mano de obra directa']"
4738,605.28,605.28,Cuotas al IMSS,"[4710, '605 Mano de obra directa']"
4739,605.29,605.29,Aportaciones al infonavit,"[4710, '605 Mano de obra directa']"
4740,605.30,605.30,Aportaciones al SAR,"[4710, '605 Mano de obra directa']"
4741,605.31,605.31,Otros costos de mano de obra directa,"[4710, '605 Mano de obra directa']"
4742,606,606,Facilidades administrativas fiscales,"[4373, '6 Gastos generales']"
4743,606.01,606.01,Facilidades administrativas fiscales,"[4742, '606 Facilidades administrativas fiscales']"
4744,607,607,Participación de los trabajadores en las utilidades,"[4373, '6 Gastos generales']"
4745,607.01,607.01,Participación de los trabajadores en las utilidades,"[4744, '607 Participación de los trabajadores en las utilidades']"
4746,608,608,Participación en resultados de subsidiarias,"[4373, '6 Gastos generales']"
4747,608.01,608.01,Participación en resultados de subsidiarias,"[4746, '608 Participación en resultados de subsidiarias']"
4748,609,609,Participación en resultados de asociadas,"[4373, '6 Gastos generales']"
4749,609.01,609.01,Participación en resultados de asociadas,"[4748, '609 Participación en resultados de asociadas']"
4750,610,610,Participación de los trabajadores en las utilidades diferida,"[4373, '6 Gastos generales']"
4751,610.01,610.01,Participación de los trabajadores en las utilidades diferida,"[4750, '610 Participación de los trabajadores en las utilidades diferida']"
4752,611,611,Impuesto Sobre la renta,"[4373, '6 Gastos generales']"
4753,611.01,611.01,Impuesto Sobre la renta,"[4752, '611 Impuesto Sobre la renta']"
4754,611.02,611.02,Impuesto Sobre la renta por remanente distribuible,"[4752, '611 Impuesto Sobre la renta']"
4755,612,612,Gastos no deducibles para CUFIN,"[4373, '6 Gastos generales']"
4756,612.01,612.01,Gastos no deducibles para CUFIN,"[4755, '612 Gastos no deducibles para CUFIN']"
4757,613,613,Amortización contable,"[4373, '6 Gastos generales']"
4758,613.01,613.01,Depreciación de edificios,"[4757, '613 Amortización contable']"
4759,613.02,613.02,Depreciación de maquinaria y equipo,"[4757, '613 Amortización contable']"
4760,613.03,613.03,"Depreciación de automóviles, autobuses, camiones de carga, tractocamiones, montacargas y remolques","[4757, '613 Amortización contable']"
4761,613.04,613.04,Depreciación de mobiliario y equipo de oficina,"[4757, '613 Amortización contable']"
4762,613.05,613.05,Depreciación de equipo de cómputo,"[4757, '613 Amortización contable']"
4763,613.06,613.06,Depreciación de equipo de comunicación,"[4757, '613 Amortización contable']"
4764,613.07,613.07,"Depreciación de activos biológicos, vegetales y semovientes","[4757, '613 Amortización contable']"
4765,613.08,613.08,Depreciación de otros activos fijos,"[4757, '613 Amortización contable']"
4766,613.09,613.09,Depreciación de ferrocarriles,"[4757, '613 Amortización contable']"
4767,613.10,613.10,Depreciación de embarcaciones,"[4757, '613 Amortización contable']"
4768,613.11,613.11,Depreciación de aviones,"[4757, '613 Amortización contable']"
4769,613.12,613.12,"Depreciación de troqueles, moldes, matrices y herramental","[4757, '613 Amortización contable']"
4770,613.13,613.13,Depreciación de equipo de comunicaciones telefónicas,"[4757, '613 Amortización contable']"
4771,613.14,613.14,Depreciación de equipo de comunicación satelital,"[4757, '613 Amortización contable']"
4772,613.15,613.15,Depreciación de equipo de adaptaciones para personas con capacidades diferentes,"[4757, '613 Amortización contable']"
4773,613.16,613.16,Depreciación de maquinaria y equipo de generación de energía de fuentes renovables o de sistemas de cogeneración de electricidad eficiente,"[4757, '613 Amortización contable']"
4774,613.17,613.17,Depreciación de adaptaciones y mejoras,"[4757, '613 Amortización contable']"
4775,613.18,613.18,Depreciación de otra maquinaria y equipo,"[4757, '613 Amortización contable']"
4776,614,614,Amortización contable,"[4373, '6 Gastos generales']"
4777,614.01,614.01,Amortización de gastos diferidos,"[4776, '614 Amortización contable']"
4778,614.02,614.02,Amortización de gastos pre operativos,"[4776, '614 Amortización contable']"
4779,614.03,614.03,"Amortización de regalías, asistencia técnica y otros gastos diferidos","[4776, '614 Amortización contable']"
4780,614.04,614.04,Amortización de activos intangibles,"[4776, '614 Amortización contable']"
4781,614.05,614.05,Amortización de gastos de organización,"[4776, '614 Amortización contable']"
4782,614.06,614.06,Amortización de investigación y desarrollo de mercado,"[4776, '614 Amortización contable']"
4783,614.07,614.07,Amortización de marcas y patentes,"[4776, '614 Amortización contable']"
4784,614.08,614.08,Amortización de crédito mercantil,"[4776, '614 Amortización contable']"
4785,614.09,614.09,Amortización de gastos de instalación,"[4776, '614 Amortización contable']"
4786,614.10,614.10,Amortización de otros activos diferidos,"[4776, '614 Amortización contable']"
5098,6500,6500,Gastos Financieros,False
5099,6520,6520,Productos Financieros,False
5100,6540,6540,Otros Gastos,False
5101,6560,6560,Otros Productos,False
4787,7,7,Resultado,False
5102,7001,7001,Depreciacion Acumulada Transformacion,False
5103,7002,7002,Amortizacion Acumulada Transformacion,False
4788,701,701,Gastos financieros,"[4787, '7 Resultado']"
4789,701.01,701.01,Pérdida cambiaria,"[4788, '701 Gastos financieros']"
4790,701.02,701.02,Pérdida cambiaria nacional parte relacionada,"[4788, '701 Gastos financieros']"
4791,701.03,701.03,Pérdida cambiaria extranjero parte relacionada,"[4788, '701 Gastos financieros']"
4792,701.04,701.04,Intereses a cargo bancario nacional,"[4788, '701 Gastos financieros']"
4793,701.05,701.05,Intereses a cargo bancario extranjero,"[4788, '701 Gastos financieros']"
4794,701.06,701.06,Intereses a cargo bancario extranjero,"[4788, '701 Gastos financieros']"
4795,701.07,701.07,Intereses a cargo de personas físicas extranjero,"[4788, '701 Gastos financieros']"
4796,701.08,701.08,Intereses a cargo de personas morales nacional,"[4788, '701 Gastos financieros']"
4797,701.09,701.09,Intereses a cargo de personas morales extranjero,"[4788, '701 Gastos financieros']"
4798,701.10,701.10,Comisiones bancarias,"[4788, '701 Gastos financieros']"
4799,701.11,701.11,Otros gastos financieros,"[4788, '701 Gastos financieros']"
4800,702,702,Utilidad cambiaria,"[4787, '7 Resultado']"
4801,702.01,702.01,Utilidad cambiaria,"[4800, '702 Utilidad cambiaria']"
4802,702.02,702.02,Utilidad cambiaria nacional parte relacionada,"[4800, '702 Utilidad cambiaria']"
4803,702.03,702.03,Utilidad cambiaria extranjero parte relacionada,"[4800, '702 Utilidad cambiaria']"
4804,702.04,702.04,Intereses a favor bancarios nacional,"[4800, '702 Utilidad cambiaria']"
4805,702.05,702.05,Intereses a favor bancarios extranjero,"[4800, '702 Utilidad cambiaria']"
4806,702.06,702.06,Intereses a favor de personas físicas nacional,"[4800, '702 Utilidad cambiaria']"
4807,702.07,702.07,Intereses a favor de personas físicas extranjero,"[4800, '702 Utilidad cambiaria']"
4808,702.08,702.08,Intereses a favor de personas morales nacional,"[4800, '702 Utilidad cambiaria']"
4809,702.09,702.09,Intereses a favor de personas morales extranjero,"[4800, '702 Utilidad cambiaria']"
4810,702.10,702.10,Otros productos financieros,"[4800, '702 Utilidad cambiaria']"
4811,703,703,Otros gastos,"[4787, '7 Resultado']"
4812,703.01,703.01,Pérdida en venta y/o baja de terrenos,"[4811, '703 Otros gastos']"
4813,703.02,703.02,Pérdida en venta y/o baja de edificios,"[4811, '703 Otros gastos']"
4814,703.03,703.03,Pérdida en venta y/o baja de maquinaria y equipo,"[4811, '703 Otros gastos']"
4815,703.04,703.04,"Pérdida en venta y/o baja de automóviles, autobuses, camiones de carga, tractocamiones, montacargas y remolques","[4811, '703 Otros gastos']"
4816,703.05,703.05,Pérdida en venta y/o baja de mobiliario y equipo de oficina,"[4811, '703 Otros gastos']"
4817,703.06,703.06,Pérdida en venta y/o baja de equipo de cómputo,"[4811, '703 Otros gastos']"
4818,703.07,703.07,Pérdida en venta y/o baja de equipo de comunicación,"[4811, '703 Otros gastos']"
4819,703.08,703.08,"Pérdida en venta y/o baja de activos biológicos, vegetales y semovientes","[4811, '703 Otros gastos']"
4820,703.09,703.09,Pérdida en venta y/o baja de otros activos fijos,"[4811, '703 Otros gastos']"
4821,703.10,703.10,Pérdida en venta y/o baja de ferrocarriles,"[4811, '703 Otros gastos']"
4822,703.11,703.11,Pérdida en venta y/o baja de embarcaciones,"[4811, '703 Otros gastos']"
4823,703.12,703.12,Pérdida en venta y/o baja de aviones,"[4811, '703 Otros gastos']"
4824,703.13,703.13,"Pérdida en venta y/o baja de troqueles, moldes, matrices y herramental","[4811, '703 Otros gastos']"
4825,703.14,703.14,Pérdida en venta y/o baja de equipo de comunicaciones telefónicas,"[4811, '703 Otros gastos']"
4826,703.15,703.15,Pérdida en venta y/o baja de equipo de comunicación satelital,"[4811, '703 Otros gastos']"
4827,703.16,703.16,Pérdida en venta y/o baja de equipo de adaptaciones para personas con capacidades diferentes,"[4811, '703 Otros gastos']"
4828,703.17,703.17,Pérdida en venta y/o baja de maquinaria y equipo de generación de energía de fuentes renovables o de sistemas de cogeneración de electricidad eficiente,"[4811, '703 Otros gastos']"
4829,703.18,703.18,Pérdida en venta y/o baja de otra maquinaria y equipo,"[4811, '703 Otros gastos']"
4830,703.19,703.19,Pérdida por enajenación de acciones,"[4811, '703 Otros gastos']"
4831,703.20,703.20,Pérdida por enajenación de partes sociales,"[4811, '703 Otros gastos']"
4832,703.21,703.21,Otros gastos,"[4811, '703 Otros gastos']"
4833,704,704,Otros productos,"[4787, '7 Resultado']"
4834,704.01,704.01,Ganancia en venta y/o baja de terrenos,"[4833, '704 Otros productos']"
4835,704.02,704.02,Ganancia en venta y/o baja de edificios,"[4833, '704 Otros productos']"
4836,704.03,704.03,Ganancia en venta y/o baja de maquinaria y equipo,"[4833, '704 Otros productos']"
4837,704.04,704.04,"Ganancia en venta y/o baja de automóviles, autobuses, camiones de carga, tractocamiones, montacargas y remolques","[4833, '704 Otros productos']"
4838,704.05,704.05,Ganancia en venta y/o baja de mobiliario y equipo de oficina,"[4833, '704 Otros productos']"
4839,704.06,704.06,Ganancia en venta y/o baja de equipo de cómputo,"[4833, '704 Otros productos']"
4840,704.07,704.07,Ganancia en venta y/o baja de equipo de comunicación,"[4833, '704 Otros productos']"
4841,704.08,704.08,"Ganancia en venta y/o baja de activos biológicos, vegetales y semovientes","[4833, '704 Otros productos']"
4842,704.09,704.09,Ganancia en venta y/o baja de otros activos fijos,"[4833, '704 Otros productos']"
4843,704.10,704.10,Ganancia en venta y/o baja de ferrocarriles,"[4833, '704 Otros productos']"
4844,704.11,704.11,Ganancia en venta y/o baja de embarcaciones,"[4833, '704 Otros productos']"
4845,704.12,704.12,Ganancia en venta y/o baja de aviones,"[4833, '704 Otros productos']"
4846,704.13,704.13,"Ganancia en venta y/o baja de troqueles, moldes, matrices y herramental","[4833, '704 Otros productos']"
4847,704.14,704.14,Ganancia en venta y/o baja de equipo de comunicaciones telefónicas,"[4833, '704 Otros productos']"
4848,704.15,704.15,Ganancia en venta y/o baja de equipo de comunicación satelital,"[4833, '704 Otros productos']"
4849,704.16,704.16,Ganancia en venta y/o baja de equipo de adaptaciones para personas con capacidades diferentes,"[4833, '704 Otros productos']"
4850,704.17,704.17,Ganancia en venta de maquinaria y equipo de generación de energía de fuentes renovables o de sistemas de cogeneración de electricidad eficiente,"[4833, '704 Otros productos']"
4851,704.18,704.18,Ganancia en venta y/o baja de otra maquinaria y equipo,"[4833, '704 Otros productos']"
4852,704.19,704.19,Ganancia por enajenación de acciones,"[4833, '704 Otros productos']"
4853,704.20,704.20,Ganancia por enajenación de partes sociales,"[4833, '704 Otros productos']"
4854,704.21,704.21,Ingresos por estímulos fiscales,"[4833, '704 Otros productos']"
4855,704.22,704.22,Ingresos por condonación de adeudo,"[4833, '704 Otros productos']"
4856,704.23,704.23,Otros productos,"[4833, '704 Otros productos']"
4857,8,8,Cuentas de Orden,False
5104,8001,8001,Impuesto sobre la Renta,False
5105,8002,8002,PTU,False
5106,8003,8003,Bonos uede,False
4858,801,801,UFIN del ejercicio,"[4857, '8 Cuentas de Orden']"
4859,801.01,801.01,UFIN,"[4858, '801 UFIN del ejercicio']"
4860,801.02,801.02,Contra cuenta UFIN,"[4858, '801 UFIN del ejercicio']"
4861,802,802,CUFIN del ejercicio,"[4857, '8 Cuentas de Orden']"
4862,802.01,802.01,CUFIN,"[4861, '802 CUFIN del ejercicio']"
4863,802.02,802.02,Contra cuenta CUFIN,"[4861, '802 CUFIN del ejercicio']"
4864,803,803,CUFIN de ejercicios anteriores,"[4857, '8 Cuentas de Orden']"
4865,803.01,803.01,CUFIN de ejercicios anteriores,"[4864, '803 CUFIN de ejercicios anteriores']"
4866,803.02,803.02,Contra cuenta CUFIN de ejercicios anteriores,"[4864, '803 CUFIN de ejercicios anteriores']"
4867,804,804,CUFINRE del ejercicio,"[4857, '8 Cuentas de Orden']"
4868,804.01,804.01,CUFINRE,"[4867, '804 CUFINRE del ejercicio']"
4869,804.02,804.02,Contra cuenta CUFINRE,"[4867, '804 CUFINRE del ejercicio']"
4870,805,805,CUFINRE de ejercicios anteriores,"[4857, '8 Cuentas de Orden']"
4871,805.01,805.01,CUFINRE de ejercicios anteriores,"[4870, '805 CUFINRE de ejercicios anteriores']"
4872,805.02,805.02,Contra cuenta CUFINRE de ejercicios anteriores,"[4870, '805 CUFINRE de ejercicios anteriores']"
4873,806,806,CUCA del ejercicio,"[4857, '8 Cuentas de Orden']"
4874,806.01,806.01,CUCA,"[4873, '806 CUCA del ejercicio']"
4875,806.02,806.02,Contra cuenta CUCA,"[4873, '806 CUCA del ejercicio']"
4876,807,807,CUCA de ejercicios anteriores,"[4857, '8 Cuentas de Orden']"
4877,807.01,807.01,CUCA de ejercicios anteriores,"[4876, '807 CUCA de ejercicios anteriores']"
4878,807.02,807.02,Contra cuenta CUCA de ejercicios anteriores,"[4876, '807 CUCA de ejercicios anteriores']"
4879,808,808,Ajuste anual por inflación acumulable,"[4857, '8 Cuentas de Orden']"
4880,808.01,808.01,Ajuste anual por inflación acumulable,"[4879, '808 Ajuste anual por inflación acumulable']"
4881,808.02,808.02,Acumulación del ajuste anual inflacionario,"[4879, '808 Ajuste anual por inflación acumulable']"
4882,809,809,Ajuste anual por inflación deducible,"[4857, '8 Cuentas de Orden']"
4883,809.01,809.01,Ajuste anual por inflación deducible,"[4882, '809 Ajuste anual por inflación deducible']"
4884,809.02,809.02,Deducción del ajuste anual inflacionario,"[4882, '809 Ajuste anual por inflación deducible']"
4885,810,810,Deducción de inversión,"[4857, '8 Cuentas de Orden']"
4886,810.01,810.01,Deducción de inversión,"[4885, '810 Deducción de inversión']"
4887,810.02,810.02,Contra cuenta deducción de inversiones,"[4885, '810 Deducción de inversión']"
4888,811,811,Utilidad o pérdida fiscal en venta y/o baja de activo fijo,"[4857, '8 Cuentas de Orden']"
4889,811.01,811.01,Utilidad o pérdida fiscal en venta y/o baja de activo fijo,"[4888, '811 Utilidad o pérdida fiscal en venta y/o baja de activo fijo']"
4890,811.02,811.02,Contra cuenta utilidad o pérdida fiscal en venta y/o baja de activo fijo,"[4888, '811 Utilidad o pérdida fiscal en venta y/o baja de activo fijo']"
4891,812,812,Utilidad o pérdida fiscal en venta acciones o partes sociales,"[4857, '8 Cuentas de Orden']"
4892,812.01,812.01,Utilidad o pérdida fiscal en venta acciones o partes sociales,"[4891, '812 Utilidad o pérdida fiscal en venta acciones o partes sociales']"
4893,812.02,812.02,Contra cuenta utilidad o pérdida fiscal en venta acciones o partes sociales,"[4891, '812 Utilidad o pérdida fiscal en venta acciones o partes sociales']"
4894,813,813,Pérdidas fiscales pendientes de amortizar actualizadas de ejercicios anteriores,"[4857, '8 Cuentas de Orden']"
4895,813.01,813.01,Pérdidas fiscales pendientes de amortizar actualizadas de ejercicios anteriores,"[4894, '813 Pérdidas fiscales pendientes de amortizar actualizadas de ejercicios anteriores']"
4896,813.02,813.02,Actualización de pérdidas fiscales pendientes de amortizar de ejercicios anteriores,"[4894, '813 Pérdidas fiscales pendientes de amortizar actualizadas de ejercicios anteriores']"
4897,814,814,Mercancías recibidas en consignación,"[4857, '8 Cuentas de Orden']"
4898,814.01,814.01,Mercancías recibidas en consignación,"[4897, '814 Mercancías recibidas en consignación']"
4899,814.02,814.02,Consignación de mercancías recibidas,"[4897, '814 Mercancías recibidas en consignación']"
4900,815,815,Crédito fiscal de IVA e IEPS por la importación de mercancías para empresas certificadas,"[4857, '8 Cuentas de Orden']"
4901,815.01,815.01,Crédito fiscal de IVA e IEPS por la importación de mercancías,"[4900, '815 Crédito fiscal de IVA e IEPS por la importación de mercancías para empresas certificadas']"
4902,815.02,815.02,Importación de mercancías con aplicación de crédito fiscal de IVA e IEPS,"[4900, '815 Crédito fiscal de IVA e IEPS por la importación de mercancías para empresas certificadas']"
4903,816,816,Crédito fiscal de IVA e IEPS por la importación de activos fijos para empresas certificadas,"[4857, '8 Cuentas de Orden']"
4904,816.01,816.01,Crédito fiscal de IVA e IEPS por la importación de activo fijo,"[4903, '816 Crédito fiscal de IVA e IEPS por la importación de activos fijos para empresas certificadas']"
4905,816.02,816.02,Importación de activo fijo con aplicación de crédito fiscal de IVA e IEPS,"[4903, '816 Crédito fiscal de IVA e IEPS por la importación de activos fijos para empresas certificadas']"
4906,899,899,Otras cuentas de orden,"[4857, '8 Cuentas de Orden']"
4907,899.01,899.01,Otras cuentas de orden,"[4906, '899 Otras cuentas de orden']"
4908,899.02,899.02,Contra cuenta otras cuentas de orden,"[4906, '899 Otras cuentas de orden']"
